text,label
"я никогда не найду работу, я буду безработным неудачником.",ALL_OR_NOTHING
my life is completely over if i don't pass this calculus final.,ALL_OR_NOTHING
i feel like crying.,NEUTRAL_DISTRESS
ішім пысты.,NEUTRAL_DISTRESS
"every time i try to study, i fail completely.",ALL_OR_NOTHING
они меня ненавидят.,MIND_READING
я хочу суициднуться. с кем можно поговорить?,NEUTRAL_DISTRESS
she’s ignoring my text because she hates me.,MIND_READING
"родители наверняка разочарованы во мне, хоть и молчат.",MIND_READING
"это полный провал, хуже быть не может.",ALL_OR_NOTHING
it's been a long week.,NEUTRAL_DISTRESS
i have too much homework.,NEUTRAL_DISTRESS
there is absolutely no point in trying anymore.,ALL_OR_NOTHING
i need to study more.,NEUTRAL_DISTRESS
я забыл ключи в комнате.,NEUTRAL_DISTRESS
"really anxious about the presentation today, shaking rn.",NEUTRAL_DISTRESS
у меня никогда не будет денег.,ALL_OR_NOTHING
every time i speak up i embarrass myself.,ALL_OR_NOTHING
i hate group projects so much.,NEUTRAL_DISTRESS
i'm useless.,ALL_OR_NOTHING
у меня никогда ничего не получается с первого раза.,ALL_OR_NOTHING
ешкім мені сыйламайды.,ALL_OR_NOTHING
мен ешқашан емтиханнан өтпеймін.,ALL_OR_NOTHING
"if i can't do this perfectly, i shouldn't do it at all.",ALL_OR_NOTHING
i'm not ready for finals.,NEUTRAL_DISTRESS
"this university is absolute trash, nothing works here.",ALL_OR_NOTHING
я никогда не смогу это выучить.,ALL_OR_NOTHING
everyone else is so much smarter than me.,ALL_OR_NOTHING
i failed the ielts mock test.,NEUTRAL_DISTRESS
скучаю по коту.,NEUTRAL_DISTRESS
i never get invited to parties.,ALL_OR_NOTHING
they invited me just out of pity.,MIND_READING
i'm hungry.,NEUTRAL_DISTRESS
"осциллограф всегда какую то дичь показывает я устал. не, картинка нормальная, вот просто плохо измеряет.",ALL_OR_NOTHING
i miss my dog so much it hurts.,NEUTRAL_DISTRESS
"я потерял стипендию, теперь я бомж.",ALL_OR_NOTHING
ол мені қызғаншақ деп ойлайды.,MIND_READING
"он не смотрит мне в глаза, он врет или презирает.",MIND_READING
everyone assumes i'm okay but i'm not.,MIND_READING
"я всегда опаздываю, я неисправимый человек.",ALL_OR_NOTHING
не могу сосредоточиться на учебе.,NEUTRAL_DISTRESS
"ақша мүлдем жоқ, стипендияға дейін қалай өмір сүрем хз.",NEUTRAL_DISTRESS
my life is a total mess.,ALL_OR_NOTHING
"все у кого получалось попасть в динс лист, такой вопрос, как? я отчаялся стараться, продолжаю терять нужные проценты. удивляюсь как люди заканчивали уник на красный диплом. можете дать дельные советы, поделиться инста страничками тех кто на красный заканчивал, смотря на кого можно набраться мотивации, буду очень благодарен.",NEUTRAL_DISTRESS
"мен ешқашан бақытты бола алмаймын, маңдайыма жазылмаған.",ALL_OR_NOTHING
i’m the only one who can’t handle the workload.,ALL_OR_NOTHING
"professor sighed, he definitely thinks i'm a lost cause.",MIND_READING
"i don't know if it's a combination of factors such as a turbulent climate in world politics, me getting older, or something else but for me the seasonal depression this year is hitting me worse than it does usually. it went from 'hurrr autumn day makes me le sad :(' to 'damn. i wish everything would disappear.' anybody else?",NEUTRAL_DISTRESS
"я никогда не выучу этот язык, я тупой.",ALL_OR_NOTHING
"мне порой кажется что я единственный у кого нет инсты и тиктока. иногда слушаю знакомых и они говорят на непонятном мною языке. за мемы я конечно шарю, но нахожу тикток слишком тупым и кринжовым времяпровождением. а инста меня просто не привлекает, так как считаю некоторые посты не отражающими реальность. но все же присутствует чувство что я что то упускаю.",ALL_OR_NOTHING
i gained some weight recently.,NEUTRAL_DISTRESS
my phone screen cracked.,NEUTRAL_DISTRESS
"че делать если ежедневно хочется себе мозги размазать об стену. хз и вроде жить не так плохо, я поступил в ну и все становится лучше но все же....",NEUTRAL_DISTRESS
олар мені түк білмейді деп ойлайды.,MIND_READING
i'm just really burned out.,NEUTRAL_DISTRESS
"the interviewer looked bored, he thinks i'm incompetent.",MIND_READING
"they are whispering, i know it's about my acne.",MIND_READING
"if i'm not perfect, i'm worthless.",ALL_OR_NOTHING
"все нормальные люди уже нашли стажировку, кроме меня.",ALL_OR_NOTHING
"егер мен осы жобаны дұрыс жасамасам, мен ешкімге керек емес маман боламын.",ALL_OR_NOTHING
мне кажется или наш универ никогда так не преображается как на аб?,ALL_OR_NOTHING
останусь ли я такой же тупой к выпуску? толком ничему и не научусь здесь?,ALL_OR_NOTHING
мұғалім мені жек көреді.,MIND_READING
my wifi keeps cutting out.,NEUTRAL_DISTRESS
i know my parents are disappointed in me.,MIND_READING
"парень на остановке посмотрел криво, он хочет меня ударить.",MIND_READING
i'm just really exhausted.,NEUTRAL_DISTRESS
"она думает, что я скучный.",MIND_READING
олар менің киіміме күліп жатыр.,MIND_READING
"ничего не успеваю, скажите что я не один такой",ALL_OR_NOTHING
менің өмірім босқа өтіп жатыр.,ALL_OR_NOTHING
"они смеются, они точно надо мной смеются.",MIND_READING
"she didn't say hi, she must be angry.",MIND_READING
"everyone else is smarter, faster, and better than me.",ALL_OR_NOTHING
"я всегда все порчу, руки из жопы растут.",ALL_OR_NOTHING
i love foggy days because i know that everyone also in a fog,MIND_READING
хочу домой.,NEUTRAL_DISTRESS
"every time i open my mouth, i say something stupid.",ALL_OR_NOTHING
the bus was late again and i froze.,NEUTRAL_DISTRESS
"искусство сна, тонкое искусство паники, атомные зависимости, критика чистого дебилизма. это все про меня",ALL_OR_NOTHING
"он не ответил, он точно меня ненавидит.",MIND_READING
"сегодня видел сон с аже. не помню весь сон, но помню конкретно часть с ней. у нас дома была игрушка, которая мешала всем, не помню чем именно. я спросил у неё, могу ли я выкинуть, так как вроде бы она и покупала её. она ответила что ей было бы не приятно, если я выкину ее. дальше ничего не помню. чтобы вы понимали, она последние лет 5 болела деменцией. было сложно ей жить и мы всей семьёй часты срывались на неё. чтобы вы понимали, мы относились с ней как тётя и дядя гарри поттера к нему же, если не хуже. теперь я вот думаю, она хочет так сказать что нас не прощает за такое обращение с ней в последние годы ее жизни?",MIND_READING
маған қиын.,NEUTRAL_DISTRESS
"я устал, моя жизнь - это просто симулятор выполнения жизненных потребностей на уровне того чтобы жить от еды до еды, от посрать до посрать и поспать. надоело этому человеческому тамагочи подчинятся, я устал, сука...",NEUTRAL_DISTRESS
"с недавнего времени мне начали сниться кошмары на регулярной основе. раньше всё обходилось лишь тем, что в этих страшных сновидениях были мои страхи. рак у близких/знакомых (в действительности, кстати, всё подтвердилось), пауки, тарантулы. это происходило раз в 1-2 месяца, но все разы были настолько реалистичными, что только с припадками пробуждаюсь и запоминаю надолго.  сегодня просыпаюсь от того, что мне снится ад. за пару недель, это уже не первый раз. самое ужасное - мои попытки пробудиться, ибо тот мир так сильно удерживает мое подсознание, и я буквально схожу с ума от того, что нахожусь на ощутимой грани между кошмаром и реальностью, а до конца проснуться и «освободить» себя не получается.   если кто-то сталкивался с таким, как вы справлялись? скорее всего это от недосыпа и стресса, но даже после попыток изменить образ жизни, особой пользы от этого не было",NEUTRAL_DISTRESS
someone please organize a speed friending i feel so lonely t_t,NEUTRAL_DISTRESS
"я либо сдам на а, либо я ничтожество.",ALL_OR_NOTHING
"we have to intervene, and save the future of this country and our university.  never has it been so low and it is our burden to make it thrive once again. let's not lose this time.  it is not a matter of 'блин я вот выпускаюсь в таком то году, почему именно сейчас' anymore. we are community. we have to care for this university, because for many of us it was the place that has set our lives on track once again.",ALL_OR_NOTHING
"ребят, я одна застряла в непонятной воронке? когда в миг я чувствую благодарность, любовь и в другой день полный пиздец, потом счастье и блаженство и опять лютый треш… если нет, то как остановить это????",NEUTRAL_DISTRESS
it’s super cold in my dorm room.,NEUTRAL_DISTRESS
менің компьютерім бұзылып қалды.,NEUTRAL_DISTRESS
я абсолютно бесполезен для общества.,ALL_OR_NOTHING
я никогда не буду счастлив.,ALL_OR_NOTHING
я полный ноль в математике.,ALL_OR_NOTHING
i have zero friends.,ALL_OR_NOTHING
я устал.,NEUTRAL_DISTRESS
грустная песня добила.,NEUTRAL_DISTRESS
менің қолымнан түк келмейді.,ALL_OR_NOTHING
менің өмірім түкке тұрғысыз.,ALL_OR_NOTHING
ол мені түк білмейді деп ойлайды.,MIND_READING
олар мені жамандап жатыр.,MIND_READING
"профессор думает, что я ленивый.",MIND_READING
всегда один.,ALL_OR_NOTHING
сложно вставать по утрам.,NEUTRAL_DISTRESS
мен жалғызбын.,NEUTRAL_DISTRESS
"я тупой, я просто тупой, у меня никогда ничего не получится.",ALL_OR_NOTHING
почему так сложно просто быть нормальным человеком.,NEUTRAL_DISTRESS
study motivation is gone.,NEUTRAL_DISTRESS
"люди, которые работают и учатся, поделитесь пожалуйста опытом и советами по тайм менеджменту   мне чертовски нужны деньги, но мне также страшно за учебу :(",NEUTRAL_DISTRESS
чувствую себя пустым и никому не нужным. не вижу смысла существовать впринципе. вещи котрые приносили удовольствие кажутся обыденностью. все кажется одинаковым и рутинным. я  не люблю свою семью и окружение. не хочу никого знать и видеть. мне хочется исчезнуть и не чувствовать больше ничего. что делать? я устал страдать. каждый год одно и то же.,NEUTRAL_DISTRESS
i am worried about my financial situation.,NEUTRAL_DISTRESS
"i will always be anxious, it never gets better.",ALL_OR_NOTHING
"этот момент снова настал,когда еда теряет всякий вкус и меня все время тошнит. нет желания ни есть,ни готовить или покупать еду. внутри бесконечная грусть и боль. а когда то я так мечтала здесь учиться,молилась чтобы поступить сюда. так почему же я так несчастна?! неужели я настолько неблагодарна и так легко сдалась ненавижу себя из-за этого",NEUTRAL_DISTRESS
"мен әрқашан жолы болмайтын адаммын, бәрі бекер.",ALL_OR_NOTHING
"все считают, что я ленивый, хотя я пашу как конь.",ALL_OR_NOTHING
i’m completely alone in this world.,ALL_OR_NOTHING
стресс перед экзаменами убивает.,NEUTRAL_DISTRESS
i feel disconnected from reality.,NEUTRAL_DISTRESS
я никогда не найду друзей.,ALL_OR_NOTHING
"she hates my guts, i just know it.",MIND_READING
i feel left out.,NEUTRAL_DISTRESS
i have absolutely no future.,ALL_OR_NOTHING
норм ли ходить в джим одной? люди не подумают что я одинокая и у меня нет друзей?,MIND_READING
"все выходные прошли впустую, я ничего не сделал.",ALL_OR_NOTHING
все вокруг лицемеры.,ALL_OR_NOTHING
everything is just really hard right now.,NEUTRAL_DISTRESS
they are speaking kazakh so i won't understand them talking about me.,MIND_READING
"норм если я втораш механикал, но у меня слабый ноут? смотрю у всех моих однокурсников игровые.",ALL_OR_NOTHING
почему много реджектов в дорм? мне ничего не пришло. с каждым днём страшнее становится.,NEUTRAL_DISTRESS
"он не ответил на сообщение, он меня игнорирует.",MIND_READING
она точно считает меня скучным.,MIND_READING
everything i touch turns to shit.,ALL_OR_NOTHING
i bet everyone in the zoom call is laughing at my background.,MIND_READING
"я никогда не пойму тех людей, которые не смывают за собой в туалете.   пожалуйста, смывайте за собой!",ALL_OR_NOTHING
he thinks i'm weird.,MIND_READING
absolutely nothing brings me joy anymore.,ALL_OR_NOTHING
"бывает, хочу пообщаться с одногруппниками или другими знакомыми, а они будто не идут на контакт. типа я такой задаю вопросы, интересуюсь, че как, а они просто отвечают и не задают в ответ, да и вообще  не пытаются диалог поддержать. ну не всегда, но часто. неужели настолько многим не хочется общаться? или я даун",ALL_OR_NOTHING
"она думает, что я глупая.",MIND_READING
"наверное это какая то моя психическая травма. всю жизнь я избегал общения с девушками. мне ужасно мерзко лишь от одного присутствия девушек. может быть это связано с тем что меня избивала моя мама в детстве, еще надо мной издевались в школе одноклассницы. когда начался ковид, учеба ушла в онлайн и хотя бы на 1.5 года стало лучше. плюс я ушел из семьи, жил отдельно на сьемной квартире весь 11 и 12 классы и gap year. благодаря этому получилось не поддерживать контакты с семьей, особенно с конченой матерью. тогда я пытался решить свою проблему с психологами, но нихуя не получилось. я просто не могу принять девушек, не считать их всех таким же мразями как тех, что повстречал в своей жизни. но теперь я снова должен находиться в одном помещении с девушками. и это нежелание даже находиться около девушек особенно стало заметно в последнее время. стараюсь никогда не приходить заранее на лекции, лишь бы только с девушками никогда не разговаривать и никогда не находиться с ними близко.",ALL_OR_NOTHING
мен ешқашан жеңбеймін.,ALL_OR_NOTHING
my friends think i'm annoying.,MIND_READING
"достарым менсіз қыдырып кетті, мен оларға керек емеспін.",MIND_READING
my crush probably thinks i'm ugly.,MIND_READING
everyone thinks i'm weird.,MIND_READING
"tw: нытьё всё, что ты знал разваливается перед твоими глазами. ты можешь только смотреть, как люди, которые тебе были чуть ли не родными пару лет назад, отдаляются от тебя всё дальше. им не интересен ты, не интересно твоё мнение и твоя жизнь. они не хотят с тобой общаться. ты можешь только смотреть назад и ностальгировать. новые знакомства чаще всего выходят боком и как бы ты не старался, из этого общения ничего не выйдет. берегите старых друзей. я не смог.",MIND_READING
"девушки думают, что я некрасивый.",MIND_READING
я всегда буду неудачником.,ALL_OR_NOTHING
"басым жарылып бара жатыр, дәрі де көмектеспейді.",NEUTRAL_DISTRESS
ол мені менсінбейді.,MIND_READING
"i am incapable of doing anything right, i'm a total disaster.",ALL_OR_NOTHING
"сша рассадник всех тупых трендов и изъянов общества из-за необразованности людей  prove me wrong",ALL_OR_NOTHING
"блин, я уже выпускаюсь и недавно поссорилась с подругами, и я осталась без друзей, чувствую себя очень виноватой и одинокой, ведь больше с ними никак не переговорить и обсудить, хочу умереть … больше в жизни не будет друзей ?",ALL_OR_NOTHING
i don't know how to tell my parents about my grades.,NEUTRAL_DISTRESS
they are probably laughing at my presentation right now.,MIND_READING
"менің достарым жоқ, мен ешқашан дос таба алмаймын.",ALL_OR_NOTHING
"ол мені жақсы көрмейді, мен оны шаршаттым.",MIND_READING
"забыл зонтик, промок до нитки.",NEUTRAL_DISTRESS
i'm completely worthless.,ALL_OR_NOTHING
"i’m gonna fail this exam, i just know it.",MIND_READING
"чувак который опозорился на встрече с ггг, задав необдуманный вопрос  если ты думаешь, что этот постыдный момент все забыли   знай, я его еще помню и угараю ахпхпххп",MIND_READING
все ждут моего провала.,MIND_READING
дождь идет.,NEUTRAL_DISTRESS
мне скучно.,NEUTRAL_DISTRESS
"я всегда считала что я девушка. хоть и с рождения я имела неправильное тело, я уверовала что я девушка. и вот с приходом в университет, у меня страх: будут ли остальные девушки скандалить если я буду пользоваться туалетом для девушек? я ведь не виновата в том что я не в том теле родилась. что думают девушки по этому поводу?",MIND_READING
i spilled coffee on my shirt.,NEUTRAL_DISTRESS
"сабақтан шаршадым, бүгін вообще ештеңе істегім келмейді.",NEUTRAL_DISTRESS
"на карте осталось 500 тенге, а до стипендии еще неделя, придется жить на дошираке.",NEUTRAL_DISTRESS
"it's raining and i forgot my umbrella, day ruined.",NEUTRAL_DISTRESS
"ребята  у меня есть шрамы от сэлфхарма на руке внутренней стороне. до этого родителям было все равно и как то никто не замечал но впервые еду на настолько долгий период и страшно что спалят.  что можно сказать чтобы отмазаться кроме как сказать что их избиения в детстве сделали меня ментально больной и я на грани суицида",NEUTRAL_DISTRESS
"че делать, если выгляжу на 15, мне 20. низкий, детское лицо, мало волос на лице и теле. все перепробовал: накачаться, поменять прическу, одежду, в общем исправить внешний вид. вот думаю взять мазь для роста бороды.",ALL_OR_NOTHING
just feeling sad today.,NEUTRAL_DISTRESS
маған қиын.,NEUTRAL_DISTRESS
көңіл-күйім жоқ.,NEUTRAL_DISTRESS
"они не смеялись над моей шуткой, они думают, что я кринжовый.",MIND_READING
"nobody cares about my opinion, i should just stop talking forever.",ALL_OR_NOTHING
"мені ешкім түсінбейді, мен жалғызбын.",ALL_OR_NOTHING
я полный провал.,ALL_OR_NOTHING
мен ешқашан ағылшынша үйренбеймін.,ALL_OR_NOTHING
"уже брейк через 2 недели?!!мидки начались, почему этот процесс так затянулся!!! просто хочу плакать  завтра в 10 утра мидтерм, и я не совсем готова, сижу думаю мне тратить 1,5 часа и домой ехать, или остаться здесь и ночевать в турче на диванчике",NEUTRAL_DISTRESS
просто хочется лежать и чтобы меня никто не трогал.,NEUTRAL_DISTRESS
"только я ничего не понимаю на лекциях экон левент и когда он спрашивает есть ли вопросы даже не знаю что задать ведь вообще что он говорит не понятно, в self study больше понимаю обьеснение chat gpt.  я тупой ?",ALL_OR_NOTHING
"i never get lucky with registration, the system is always against me.",ALL_OR_NOTHING
"никогда не будет просвета, это бесконечный ад.",ALL_OR_NOTHING
my future is pitch black.,ALL_OR_NOTHING
i will never amount to anything.,ALL_OR_NOTHING
they think i cheated just because i got a good grade.,MIND_READING
все всегда меня бросают.,ALL_OR_NOTHING
"i'm a simple girl who wants simple things   сейчас все девушки так одержимы карьерой и несомненно иметь образование - очень важно, нужно развивать себя и я верю что в момент когда человек перестает развиваться, он умирает. i'm also a girls' girl, поддержу любые идеи и мечты которые могут быть у других, но не понимаю почему никто не может сделать того же для меня.  я хочу семью, хочу детей. мой главный приоритет в этой жизни - семья и чтобы все в ней были счастливы, я могу пожертвовать карьерой ради своих(будущих) детей. также хочу любящего мужа, любить его и делать всё что в моих силах чтобы поддержать его в его развитии. не нахожу ничего зазорного в том чтобы готовить для него, заботиться о нём. i am ready to give up on my career and be a housewife, просто хочу иметь семью и давать им свою любовь. создать 'семейный очаг'. почему другие не могут этого принять? почему сейчас эти желания считаются странными? буквально каждая девушка которой я это говорила считает меня ненормальной и пытается исправить это, 'направить' меня и доказать что работа - самое главное в жизни человека. у всех свои приоритеты, свои желания и свои цели. просто примите что все люди разные, и живите счастливо. it literally makes me so sad that nobody understands me",ALL_OR_NOTHING
тяжело совмещать работу и учебу.,NEUTRAL_DISTRESS
"i am so cooked for this exam, i haven't slept in 24 hours.",NEUTRAL_DISTRESS
"она думает, что я странный.",MIND_READING
"они думают, я странная.",MIND_READING
my life is a complete joke.,ALL_OR_NOTHING
"разбил телефон, денег на ремонт нет.",NEUTRAL_DISTRESS
they assume i'm lazy.,MIND_READING
i’m completely invisible to everyone.,ALL_OR_NOTHING
"очень грустно, что я не увижу семью на праздники.",NEUTRAL_DISTRESS
"они думают, я ничего не понимаю по-казахски.",MIND_READING
"ол маған қарамады, маған ренжулі екені анық.",MIND_READING
я тот чел который ненавидит алкоголь или любой иной товар который мутить разум. я увидел достаточно алкоголизма в моей жизне чтоб понять насколько люди слабы когда они уходять в запой. меня просто отвращает этот запах алкоголя и вероятно в будущем будет что-то по типу теракта и тогда помните что за всем этим буду я. когда вы выпьете алкоголь вы поймите что вам не осталось больше 1 года жизни. знайте это был я. ухаххахахаха!,ALL_OR_NOTHING
"my life is going nowhere, i am stuck and will never improve.",ALL_OR_NOTHING
i assume nobody wants to sit next to me.,MIND_READING
try to convince me that suicide isnt a solution. aint gonna help,NEUTRAL_DISTRESS
i feel overwhelmed by everything.,NEUTRAL_DISTRESS
i know she's lying to me.,MIND_READING
олар мені ақымақ дейді.,MIND_READING
мен керек емеспін.,ALL_OR_NOTHING
i feel kinda down.,NEUTRAL_DISTRESS
i feel awkward at parties.,NEUTRAL_DISTRESS
i’m completely absolutely done with this semester.,ALL_OR_NOTHING
"tw  последние несколько месяцев меня сильно мучали суицидальные мысли и я строил планы. я никогда не наблюдался у специалистов, хотя у меня были несерьёзные попытки в прошлом и в общем я не знаю как помочь себе",NEUTRAL_DISTRESS
"мен ешқашан емтиханнан құлаған емеспін, енді мен ақымақпын.",ALL_OR_NOTHING
"я уверен, что всем наплевать.",MIND_READING
i know the ta is going to grade me harshly.,MIND_READING
"мидку по био завалила, я на пробейшен, саму себя не опознаю. всю жизнь училась хорошо, как сюда пришла все пошло по жопе. здоровье,менталка в говне, оценки ужасные, я на пробе стою . остаюсь на лето, ненавижу предметы которые любила когда-то. мысле о случайной аварии на дороге кажутся идеальнее, парень на расстояние в жопе мира. скажите что есть выход я с ума схожу",ALL_OR_NOTHING
"они не позвали меня на обед, они меня ненавидят.",MIND_READING
"завидую тем кто жил в казахском обществе, блять братаны и братанессы. сейчас мне 22, я даже если и выучу казахский вряд ли смогу понимать 99% приколов в тредс или просто шуток потому, что такое только прожить. я только в садике шпрехала на каз, а потом русская школа узурпировала все и не осталось ничего. с учетом что половину вещей на русский даже не переведешь (",ALL_OR_NOTHING
"бәрі мені тастап кетеді, менің жанымда ешкім қалмайды.",ALL_OR_NOTHING
олар мені кедей деп ойлайды.,MIND_READING
вы тоже думаете о том что в любой момент может не стать вашего близкого человека? каждый раз когда вижу уставших родителей становится грустно что я еще ничего для них не сделал и в любой момент их может не стать и я не успею даже ничего для них слелать… в любом случае стараюсь направлять эту энергию держаться и развиваться дальше чтобы успеть. как же ненавижу это слово «успеть»…,NEUTRAL_DISTRESS
he is judging me right now.,MIND_READING
everyone is against me.,ALL_OR_NOTHING
i'm so stressed about the upcoming exams.,NEUTRAL_DISTRESS
"вам не кажется что тетя которая накладывает еду в корнере в последнее время очень злая? когда подходишь и просишь наложить еду, она просто игнорирует тебя. и даже если заметит и наложит, буквально швыряет в тебя эту тарелку. я думал просто устала, но оказывается нет. когда я подошел в обед, она относилась так же. из-за этого особо и не тянет в корнер в последнее время, даже если вкусно",MIND_READING
"завалил собеседование, обидно до слез.",NEUTRAL_DISTRESS
голова болит от шума в общежитии.,NEUTRAL_DISTRESS
"он думает, что я навязываюсь.",MIND_READING
"они думают, что я не знаю, о чем говорю.",MIND_READING
"well... guys, i feel like depressed because of the fact that i haven't seen my neighbor cat for 2 days, is it possible? is it curable? *wanna cry*",NEUTRAL_DISTRESS
мен ешқашан бақытты болмаймын.,ALL_OR_NOTHING
"первый курс. завалил экономику, скоро завалю химию. я буду не первым человеком здесь, который скажет, что больше не хочет жить. просто руки опускаются от того, что не выходит ничего нормально. не могу сказать, что я ничего не делаю и не занимаюсь часами. и всё равно. на первом же семестре первого курса слечу со стипендии, попаду на пробу, сигану с моста. две f за первый семестр курса - это сильно, кажется я вообще самый худший студент стипендию ведь не вернут посреди следующего семестра при текущих? короче... отчаяние",NEUTRAL_DISTRESS
я так понимаю тут все про своего друга в aeisec подумали,MIND_READING
все презирают меня.,ALL_OR_NOTHING
"я всегда все ломаю, мне нельзя доверять ничего важного.",ALL_OR_NOTHING
i will never learn kazakh properly.,ALL_OR_NOTHING
my back hurts so bad from sitting in this uncomfortable chair all day.,NEUTRAL_DISTRESS
the library is too loud today.,NEUTRAL_DISTRESS
моя жизнь не имеет смысла.,ALL_OR_NOTHING
"сложно учиться, когда соседи шумят.",NEUTRAL_DISTRESS
меня бесит этот шум за стеной.,NEUTRAL_DISTRESS
скучно.,NEUTRAL_DISTRESS
это катастрофа вселенского масштаба.,ALL_OR_NOTHING
he thinks i'm easy.,MIND_READING
"он прошел мимо, он делает вид, что не знает меня.",MIND_READING
"менің қолымнан ештеңе келмейді, мен толықтай пайдасызбын.",ALL_OR_NOTHING
"если меня отчислят, мне лучше умереть.",ALL_OR_NOTHING
олар мені ақымақ дейді.,MIND_READING
"велосипедное комьюнити самое отвратное велосипеды себе смотрел, в тт в рекомендации начали видосы попадаться, так там бля в комментариях такой пиздец пишут по типу  ты либо катаешься на углеродной золотокаталке с шимано ультегра а лучше сразу дюра эйс с электроприводом на шоссейнике либо вообще не катаешься потому что если ты на первый велосипед не тратишь тысячи 2 долларов минимум, значит педали крутить это не для тебя зачем ты взял *любой бюджетник*, фу ашан байк, самый низ низов мне было бы стыдно такой даже на мусорку везти, иди купи эндюренс топовый заебал",ALL_OR_NOTHING
my laptop broke and i can't afford a new one rn.,NEUTRAL_DISTRESS
"the cashier was rude to me, she probably thinks i'm broke.",MIND_READING
feeling lonely tonight.,NEUTRAL_DISTRESS
it's always me who gets left behind.,ALL_OR_NOTHING
олар мені жек көреді.,MIND_READING
препод наверняка потеряет мою работу.,MIND_READING
я никогда не смогу купить машину.,ALL_OR_NOTHING
they think i'm weird.,MIND_READING
грустная музыка на репите.,NEUTRAL_DISTRESS
"емтиханнан құладым, енді пересдача, ақшаны қайдан табам.",NEUTRAL_DISTRESS
i have to skip lunch to study.,NEUTRAL_DISTRESS
i have 8am classes every day.,NEUTRAL_DISTRESS
"the security guard looked at my id too long, he thinks it's fake.",MIND_READING
ол мені жалқау деп ойлайды.,MIND_READING
"не знаю, как сказать родителям, что я получил f.",NEUTRAL_DISTRESS
қарным ашты.,NEUTRAL_DISTRESS
"я в расстерянности.   с того момента как поступил в ну, потихоньку у меня начались появляться мысли о том что, я довольно средненький по уровню интеллекта, работоспособности и в целом хард скиллов. это еще и не говоря про софт скиллы. но однажды  отец начал говорить о своих новоприбавших сотрудников на работе, и я удивился с каким багажом не то что знаний, а навыков приходят к ним. удивление было скорее отрицательным. шок в шоке. и тут я понял может я реально прям где-то по середине. overqualified, но при этом одновременно и недостаточно имею скиллы, чтоб работать/стажироваться. у меня ощущение, что я знаю всё, но при этом и ничего. у меня есть страх не то что по-жесткому тупить, а скорее, даже, что и не возьмут совсем. просто удивятся, что учусь в ну, но при этом нихуя не умею (возможно я себя накручиваю). я не принадлежу ни к чему миру. даже сейчас, я хз грамотно ли я пишу. а знаете что самое главное? возможно что это простое распиздяйство. возможно я просто обленился. а может быть и выгорание. я запутался.   нахуя это я написал?  просто.",MIND_READING
"they haven't replied in 10 minutes, they are ghosting me because i'm boring.",MIND_READING
it's hard to make friends here.,NEUTRAL_DISTRESS
они считают меня неудачником.,MIND_READING
"я удивляюсь как мы ктлщики были так сказать заперты 5 дней в неделю чувствовали себя хорошо, никакой депрессии, никакой перепадки настроения, тупа peak happiness. а сейчас остаешься дома или в дорме третий день и уже в депрессию падаешь, с ума сходишь, и хочется нахрень умереть",NEUTRAL_DISTRESS
i have too many deadlines this week.,NEUTRAL_DISTRESS
"я решил удалить тикток, я устал от негатива",NEUTRAL_DISTRESS
my mom thinks i'm a failure.,MIND_READING
i miss my friends from home.,NEUTRAL_DISTRESS
"the cashier was rude, she definitely hates students.",MIND_READING
"у меня паника из-за опен кампус,боюсь что,что-то плохое может произойти",NEUTRAL_DISTRESS
"я никогда не найду любовь, я обречен быть один.",ALL_OR_NOTHING
i just know something bad is gonna happen today.,MIND_READING
"очень тяжело вставать по утрам, когда темно.",NEUTRAL_DISTRESS
"менің өмірім ешқашан өзгермейді, бәрі нашар.",ALL_OR_NOTHING
так хочется домой.,NEUTRAL_DISTRESS
"мен ешқашан дұрыс шешім қабылдай алмаймын, мен ақымақпын.",ALL_OR_NOTHING
everything sucks.,ALL_OR_NOTHING
everyone thinks i'm a fraud.,MIND_READING
"the bus driver frowned at me, he definitely thinks i'm slow.",MIND_READING
"все думают, что я глупый.",MIND_READING
total disaster.,ALL_OR_NOTHING
"меня точно отчислят в этом семестре, я чувствую.",MIND_READING
олар менің киіміме қарап күліп тұр.,MIND_READING
"что делать, если каждый раз когда прохожу у турникета то я боюсь, что оно резко закроется и больна будет моим ножкам ????????????????",NEUTRAL_DISTRESS
ол мені жек көреді.,MIND_READING
im committing suicide if i see one of those 'face tracking add on' videos on youtube again.,ALL_OR_NOTHING
"все в спортзале смеются над тем, как я поднимаю веса.",MIND_READING
"я подошел к реке, думал умереть утонув. но просто посидел. не смог. не захотел. сейчас иду по набережной.",NEUTRAL_DISTRESS
they are whispering about my grades.,MIND_READING
the ta definitely thinks i cheated.,MIND_READING
i miss my family back home.,NEUTRAL_DISTRESS
вы все притворяетесь что калк 1 легкий или это я аутист ниче не понимаю,MIND_READING
people think i'm lazy but i have depression.,MIND_READING
nothing ever goes my way.,ALL_OR_NOTHING
устал.,NEUTRAL_DISTRESS
they probably hate sitting next to me.,MIND_READING
they are judging my presentation skills right now.,MIND_READING
"сабақ оқуға зауқым жоқ, тек ұйықтағым келеді.",NEUTRAL_DISTRESS
"if i'm not the smartest person in the room, i am a total waste of space.",ALL_OR_NOTHING
"тамақ істеуге ерініп тұрмын, дайын тамақ ала салу керек.",NEUTRAL_DISTRESS
у меня болит голова.,NEUTRAL_DISTRESS
i need to find a job soon.,NEUTRAL_DISTRESS
"препод специально занизил мне оценку, я ему не нравлюсь.",MIND_READING
i got rejected from the club i wanted to join.,NEUTRAL_DISTRESS
the cafeteria food was really bad today.,NEUTRAL_DISTRESS
боюсь не сдать сессию.,NEUTRAL_DISTRESS
they think i'm a fraud because i got a lucky grade.,MIND_READING
"я никогда не найду друзей, я обречен на одиночество.",ALL_OR_NOTHING
i’m incapable of doing anything right.,ALL_OR_NOTHING
"все думают, что я наркоман из-за моих синяков под глазами.",MIND_READING
i am so tired of these constant deadlines.,NEUTRAL_DISTRESS
все смотрят на меня с отвращением.,ALL_OR_NOTHING
"все вокруг успешные, а я полное ничтожество.",ALL_OR_NOTHING
i'm feeling anxious today.,NEUTRAL_DISTRESS
просто нет сил ни на что.,NEUTRAL_DISTRESS
"все девушки смотрят на меня как на мусор, я никогда никого не найду.",ALL_OR_NOTHING
"она не позвала меня на день рождения, она меня ненавидит.",MIND_READING
бле как перестать придумывать шутки в голове и угарать без конца(((( друзья уже думают что я шизик(( а шутки то реально угарные,MIND_READING
i’m totally useless.,ALL_OR_NOTHING
у меня нет ни единого шанса.,ALL_OR_NOTHING
"пропустил одну лекцию, теперь точно завалю весь курс и вылечу из универа.",ALL_OR_NOTHING
"они думают, что я странный, потому что я сижу один.",MIND_READING
олар мені ақымақ деп санайды.,MIND_READING
"they are whispering about my project, i know they think it's bad.",MIND_READING
"my roommate is quiet, he must be mad at me for something.",MIND_READING
менің өмірімнің мәні жоқ.,ALL_OR_NOTHING
"пиздец, читаю как некоторые пишут по 4-5 историй, и понимаю, что у меня даже 2 не наберётся... больно читать   берегите себя",NEUTRAL_DISTRESS
они обсуждают мои недостатки.,MIND_READING
"guys did you not get tired of having poison in your mind like every 2-3 days and it hits even harder after a week? like when i was a child i didn't think i had to ejaculate every third day to feel peaceful, now i am irritated, can't focus and angry about it. guess have to find a partner now duh",NEUTRAL_DISTRESS
"это пиздец я случайно в женском туалете поссал  это конец????? кажется никто не заметил я понял это только когда вышел",ALL_OR_NOTHING
просто нет сил.,NEUTRAL_DISTRESS
"друзья пошли в кино без меня, они наверняка обсуждают, какой я скучный.",MIND_READING
"парень посмотрел на другую, я ему больше не интересна.",MIND_READING
"я знаю, что все пойдет не так.",MIND_READING
this textbook makes no sense.,NEUTRAL_DISTRESS
"если я не найду работу до выпуска, я бомж.",ALL_OR_NOTHING
"смотря на все это, я переживаю что уник прекратит снабжать корпус туалетной бумагой….",NEUTRAL_DISTRESS
"в последние дни почему-то начала чаще думать о том как справлюсь когда потеряю маму, что со мной станет? все началось с простых мыслей 'блиин, соскучилась по еде мамы' и резко 'когда ее станет, что же будет?'. как избавиться от этих мыслей, сижу и рыдаю без остановки...",NEUTRAL_DISTRESS
my phone died.,NEUTRAL_DISTRESS
мен ештеңе үлгермей жатырмын.,NEUTRAL_DISTRESS
я ноль в программировании. кс 115 совсем сложно будет?,ALL_OR_NOTHING
"хочу спать, но надо ботать.",NEUTRAL_DISTRESS
he thinks i'm desperate.,MIND_READING
"никто не ценит мой труд, абсолютно никто.",ALL_OR_NOTHING
i'm a total failure at everything i do.,ALL_OR_NOTHING
they are judging my accent.,MIND_READING
"instead of studying and doing all the work i cry about having to study and doing all the work, what's that called?",NEUTRAL_DISTRESS
"кассирша закатила глаза, она меня ненавидит.",MIND_READING
she thinks i'm awkward.,MIND_READING
устала быть сильной.,NEUTRAL_DISTRESS
"я всегда о чем то тревожусь. на данный момент я тревожусь о том что я потенциально могу остаться на пятый год. это портит мне все дни. и вчера ко мне пришла мысль, которая меня, как ни странно, не посещала до этого. по факту, я сейчас на 1 курсе, и до 4 курса мне еще жить и срать. и если я так и продолжу постоянно волноваться, но в итоге даже не останусь на пятый год, тогда все эти 3 года я проведу в негативном состоянии? это как то тупо пиздец.  я просто представил, что если реально, у меня не будет никаких проблем с градуейшном?  тогда я оглянусь на свое прошлое, и пойму что просрал все универские годы в тревоге. поэтому с этого дня решил волноваться о проблеме только по мере ее наступления. надеюсь у меня получится",NEUTRAL_DISTRESS
все ненавидят мой голос.,ALL_OR_NOTHING
"люди, как можно справиться с инсектофобией? у нас сейчас сезон жуков, и они тупо везде: перестала выходить на улицу вечером, а еще у нас есть щели на потолке и оттуда падают прямо на пол. думала все станет лучше илм я успокоюсь, но каждым днем мне становится только хуже, не могу спать нормально и просыпаюсь от страха посреди ночи из-за этого. я понимаю я взрослый челеовек и все такое, но 24/7 чувствую страх и никак не могу справиться с этим",NEUTRAL_DISTRESS
мәңгі жалғыз.,ALL_OR_NOTHING
"every time i try, i fail completely.",ALL_OR_NOTHING
менің қолымнан ештеңе келмейді.,ALL_OR_NOTHING
мен ешкімге керек емеспін.,ALL_OR_NOTHING
я всегда все порчу.,ALL_OR_NOTHING
i know the audience is bored.,MIND_READING
мен мүлдем ақымақпын.,ALL_OR_NOTHING
"люди 93-98 года, вы вообще существуете? все кого я знаю либо старше либо младше",ALL_OR_NOTHING
"my code didn't run on the first try, i'm a complete failure as a programmer.",ALL_OR_NOTHING
ол мені мазақтайды.,MIND_READING
i feel lost.,NEUTRAL_DISTRESS
очень хочется спать.,NEUTRAL_DISTRESS
my boss thinks i'm incompetent.,MIND_READING
никто не хочет со мной дружить.,ALL_OR_NOTHING
"блин просрал все важные ивенты, как мне жить?",ALL_OR_NOTHING
"көңіл-күйім жоқ, ешкімді көргім келмейді.",NEUTRAL_DISTRESS
"люди в ну такие классныееее аааааа я не могу. все такие умные милые добрые красивые хорошие классные крутые офигенные ^^ обожаю комюнити этого универа, ребят, вы лучшие, знайте. я думаю нигде в казахстане не найти такого комюнити как тут. <3 <3 <3",ALL_OR_NOTHING
i'm anxious about tomorrow.,NEUTRAL_DISTRESS
"работа в корнере - это труд, который может привести к выгоранию уже после первого дня.  работать так усердно с таким огромным потоком голодых и требовательный фешн мешн gen z студентов - это действительно непросто.  а самое обидное, что за твой труд никто даже не поблагодарит. ни один студент не выдержал бы той нагрузки, которую ежедневно переносят татешки повара. там прям как на войне хотя кажется даже на войне скорее всего не видели такую волну не довольных дай мне дай мне студентов",ALL_OR_NOTHING
i’m tired of eating instant noodles.,NEUTRAL_DISTRESS
"работодатель подумает, что мое резюме пустое.",MIND_READING
"препод так посмотрел, будто я сказал самую тупую вещь в мире.",MIND_READING
it hurts to see them together.,NEUTRAL_DISTRESS
i am the only person on earth who doesn't understand stats.,ALL_OR_NOTHING
i'm tired of being strong.,NEUTRAL_DISTRESS
my anxiety is spiking today.,NEUTRAL_DISTRESS
"ештеңе істегім келмейді, тек ұйықтасам деймін.",NEUTRAL_DISTRESS
в hh всех так быстро и часто отшивают или это только я такое гавно?,ALL_OR_NOTHING
"она посмотрела на меня так, будто я идиот.",MIND_READING
моя жизнь — это одна большая ошибка.,ALL_OR_NOTHING
total failure.,ALL_OR_NOTHING
i know i'm going to fail this exam even though i studied.,MIND_READING
i'll never be good at anything.,ALL_OR_NOTHING
i bet they are talking about me right now.,MIND_READING
скучаю по маминой еде.,NEUTRAL_DISTRESS
i need a hug.,NEUTRAL_DISTRESS
they think i'm weird.,MIND_READING
"все думают, что я клоун.",MIND_READING
they think i have no life.,MIND_READING
"she blocked me on insta, she definitely hates my guts.",MIND_READING
шаршадым.,NEUTRAL_DISTRESS
"она думает, что я глупая, потому что я задала этот вопрос.",MIND_READING
they probably think i'm stupid for asking that.,MIND_READING
"my creative writing is garbage, i should stop writing forever.",ALL_OR_NOTHING
"sometimes i sit at lectures and then imagine insides of my balls exploding for some stupid reason, and then its uncomfortable to sit",NEUTRAL_DISTRESS
i'm just really sad today.,NEUTRAL_DISTRESS
автобус кешігіп жатыр.,NEUTRAL_DISTRESS
"мен ешқашан арықтай алмаймын, мен семізбін.",ALL_OR_NOTHING
"он не поздоровался, он точно меня ненавидит за то, что я сказал вчера.",MIND_READING
my life is over.,ALL_OR_NOTHING
"she viewed my story but didn't like it, she hates me.",MIND_READING
погода ужасная.,NEUTRAL_DISTRESS
everything is falling apart rn.,ALL_OR_NOTHING
everyone is fake in this city.,ALL_OR_NOTHING
i didn't get the internship i wanted.,NEUTRAL_DISTRESS
i know i’m going to get rejected.,MIND_READING
"я не люблю людей, которые много болтают. они все несут какую-то хуйню с умным лицом и такое чувство, будто всех это устраивает. как только я делаю замечание их пустословию, они чувствуют себя пойманными, а остальные не вдупляют и не понимают к чему это было. может проблема во мне? но неужели только у меня с этого горит",ALL_OR_NOTHING
i'm hungry.,NEUTRAL_DISTRESS
i feel overwhelmed.,NEUTRAL_DISTRESS
"if i eat this pizza, i’ve completely ruined my diet.",ALL_OR_NOTHING
сабаққа баруға ерініп тұрмын.,NEUTRAL_DISTRESS
"репетиторы, как побороть страх что у тебя недостаточно знаний для преподавания? хочу вести занятия, но всегда кажется что all i have is not enough",ALL_OR_NOTHING
жаңбыр жауып тұр.,NEUTRAL_DISTRESS
надоело есть доширак.,NEUTRAL_DISTRESS
"я не плакал года три-четыре. до сегодняшней ночи.  пока близкий друг рассказывал о том как не хочет терять своего деда, слезы лились сами по себе",NEUTRAL_DISTRESS
"друзья переглянулись, это точно какой-то прикол надо мной.",MIND_READING
"so tired of writing these essays, brain is frying.",NEUTRAL_DISTRESS
i’m completely cooked on this exam.,ALL_OR_NOTHING
"в тед лассо в одной серии был короткий диалог между тедом и джейми, который шел вроде так:  - hey, jamie, what you'd rather be... a lion or a panda? - coach, i'm me. why would i want to be anything else? - i'm not sure you realise how psychologically healthy that is  и почему-то в тот момент, я тоже ответил на этот вопрос до джейми, что хочу быть собой. тогда я впервые за жизнь осознал, что я правда рад тому, что живу и что мне по-настоящему нравится быть собой. да и спустя столько времени все в моей простенькой повседневной рутине стало лучше.  особо некому об этом рассказать, думаю, меня не поймут, для всех вокруг меня я далек от сентиментальностей и таких подобных мыслей, поэтому вот пишу здесь.",MIND_READING
i'm feeling really lonely in this big city.,NEUTRAL_DISTRESS
"she didn't text back, so our friendship is completely over.",ALL_OR_NOTHING
everyone thinks i don't belong here.,MIND_READING
"nobody replies to me, i must be invisible.",ALL_OR_NOTHING
"қарным ашты, асханада тамақ дәмсіз.",NEUTRAL_DISTRESS
ничего хорошего меня не ждет.,ALL_OR_NOTHING
they think i have no life.,MIND_READING
"каждый день просыпаюсь с одной мыслью как можно быстрее перетерпеть эти часы и снова заснуть. весь день хожу оторванный от себя и реальности кое-как на автомате прохожу сквозь рутину. я очень устал от этого всего, я ничего не хочу и не знаю что делать.",NEUTRAL_DISTRESS
they think i don't deserve this place.,MIND_READING
i'm just really tired today.,NEUTRAL_DISTRESS
"я понимаю не пройти в вокал клаб, туда сложно попасть, ребята улетно поют, но не пройти а чойр… i don’t think i should ever open up my mouth and sing again…  ps. завидую всем кто прошел в вокал",ALL_OR_NOTHING
everyone else has their life together but me.,ALL_OR_NOTHING
"if i don't get an a on this paper, i am a total failure.",ALL_OR_NOTHING
i failed the quiz.,NEUTRAL_DISTRESS
"девушка в автобусе посмотрела на меня и отвернулась, она точно подумала, что я урод.",MIND_READING
"так обидно, что я не прошел отбор в клуб.",NEUTRAL_DISTRESS
they are whispering about my outfit.,MIND_READING
"меня скорее всего захейтят, но что мы можем сделать посреди всего этого дерьма? я искренне хочу помочь, но такое чувство, что от нас здесь прямо ничего не зависит. выкладывать куда-то, петиции, митинги никогда не срабатывали)) надеюсь я ошибаюсь",ALL_OR_NOTHING
"this degree is a total waste of time, i haven't learned a single thing.",ALL_OR_NOTHING
i ruin every chance i get.,ALL_OR_NOTHING
надоело есть одно и то же каждый день.,NEUTRAL_DISTRESS
"с начала летнего семестра заботилась о бабушке, тк у нее периодически то поднимается, то опускается давление, и все это сопровождается головокружением, тошнотой и рвотой. дома я осталась с ней одна, родители в другом городе.  каждый день начинался с ее зовов, вызывали скорую каждый день, но каждый раз отправляли домой, и все по новой. я испытывала/-аю злость и обиду на нее, тк зная особенности своего организма (проблемы с жкт и отсутствие желч. пузыря), она продолжала есть жирную еду и забила на свою диету. она поступила/-ает эгоистично, будто сознательно полагается на меня, что я никуда и не уйду и буду за ней присматривать, в случае если с ней что-то случится. так вот, всю эту неделю я настолько морально истощилась, бабушка буквально чувстовалась как обуза, каждые 2 часа убирать ее рвоту, и это еще самое малое.  я перестала вообще открывать учебный материал, и вообще не имею никакого желания ни жить, ни продолжать учиться.   увидев пост сверху, так же про бабушку, захотелось поделиться. так сложно терпеть все это, тем более когда ты одна с пожилым человеком..(",NEUTRAL_DISTRESS
he thinks i'm desperate.,MIND_READING
"я знаю, что родители разочарованы во мне.",MIND_READING
"заебался депрессовать и иметь суицидальные мысли, не хочу умирать, но как будто места найти в мире, даже на будущий план не могу найти. как будто нет смысла жить, заводить семью, работать ради денег в итак прогнивающем от капитализма и экономического краха мире. кажется, будто в любом случае я ничего не добьюсь. вновь придя после тяжелой утренней мидки, вдобавок просидев всю ночь за подготовкой к ней, имею ужасное черное опустошение внутри, будто действительно мне нечего делать в этом мире.  ложусь на кровать, и просто хочу не просыпаться. ебучая осень.",NEUTRAL_DISTRESS
i will never find a job with this gpa.,ALL_OR_NOTHING
"олар мені топқа қоспады, мені ақылсыз деп ойлайды.",MIND_READING
"она не лайкнула мою новую фотку, она считает, что я плохо выгляжу.",MIND_READING
"бесит, когда интернет лагает во время квиза.",NEUTRAL_DISTRESS
"ол менімен сөйлескісі келмейді, мен оны мезі қылдым.",MIND_READING
i know the professor thinks my question was dumb.,MIND_READING
"she didn't text me good morning, she's losing interest.",MIND_READING
"мои друзья жестко шарят за программирование хотя и не учились на cs некоторые уже работали и за парт тайм получали афигенную зп для их возраста   и хоть мой мэйджор(экон) не связант с прогой, страхи что без умений программировать я останусь ненужным специалистом и не смогу найти высокооплачиваемую работу не покидают меня.  к тому же эти чуваки уже находят себе работу, я испытываю фомо  но самое страшное что мне не нравится програмирование изза того что оно сложное, я пробовал его изучать, но не смог.  с одной стороны не хочу учиться прогать потому что неудачный опыт, не приносит большого кайфа, вопросы о том нужно ли мне это с другой стороны возможность стать эмплойед без диплома с отличной зп",NEUTRAL_DISTRESS
"the barista gave me a weird look, she probably thinks i ordered a stupid drink.",MIND_READING
every single group project i get the worst teammates in history.,ALL_OR_NOTHING
she thinks i'm annoying because i talk too much.,MIND_READING
my eyes hurt from reading pdfs.,NEUTRAL_DISTRESS
"бүгін сабақта ештеңе түсінбедім, миым шаршап кетті.",NEUTRAL_DISTRESS
"idk what im doing wrong. i always try to help first, i can calm person and comfort them in their own way. always chose them over myself. i try so hard that even sometimes i forget about myself at all. i do everything i can.. why can’t they do that the same? is it still not enough? am i still not enough?",ALL_OR_NOTHING
"3 день без теплой воды в дорме... за что мне это, или все это из-за того что я ксник????",NEUTRAL_DISTRESS
i drank too much coffee and now i'm shaking.,NEUTRAL_DISTRESS
"я очень сильно устал. пару месяцев я продуктивный человек, а потом на пару месяцев натуральный овощь. постоянно с одного цикла в другую: в один день я самый ахн человек, а в другой самый х-вый. я даже не замечаю когда я с самого оптимистичного чела превращаюсь в депрессивное чмо. нет этого постепенного перехода или я уловить не могу чтобы остановить. эх я действительно зблся",ALL_OR_NOTHING
"if i’m not the best in the class, then i’m a total loser.",ALL_OR_NOTHING
"she yawned while i was talking, i must be the most boring person alive.",MIND_READING
"я на максимальном похуизме прошел весь семестр (депреснул чутка), аттенданс около нулевой, все мидки так себе. завалил почти всё, выбраться из ямы силы появились только сейчас. что можно сделать? хоть в психдиспансер ложись",NEUTRAL_DISTRESS
"друзья думают, что я скучный.",MIND_READING
he hates me.,MIND_READING
ішім пысты.,NEUTRAL_DISTRESS
мне нужно найти работу.,NEUTRAL_DISTRESS
я потерял проездной.,NEUTRAL_DISTRESS
за один день столько всего навалилось. ощущения что моя дружба с самыми близкими друзьями стремительно ломается. и главное я ничего особо не могу сделать. и все что я делаю или уже сделала наоборот ухудшает ситуацию. скоро поеду домой но не уверена насколько это поможет,NEUTRAL_DISTRESS
я устал учиться.,NEUTRAL_DISTRESS
"i messed up one question, the whole exam is a disaster.",ALL_OR_NOTHING
"i always procrastinate, i’m such a lazy idiot.",ALL_OR_NOTHING
she thinks i'm trying too hard to impress her.,MIND_READING
я никогда не смогу похудеть.,ALL_OR_NOTHING
у меня нет настроения.,NEUTRAL_DISTRESS
"два человека в моей семье пошли на тот самый крайний шаг.   и я сам лично знаю, как это тяжело - бороться с навязчивыми мыслями каждый день. просыпаться и вместо того, чтобы просто встречать новый день, нужно сначала побороть утренние мысли о самовыпиле. это очень и очень трудно. но преодолимо.  все обязательно образуется. все получится. все наладится. верьте в это, если даже придется обманывать себя. я буду верить за всех вас!   take care of yourselves, guys. you are stronger than you all think.",NEUTRAL_DISTRESS
she thinks i'm annoying.,MIND_READING
i'm bored.,NEUTRAL_DISTRESS
"я полный ноль в математике, я никогда не пойму это.",ALL_OR_NOTHING
i just want to sleep.,NEUTRAL_DISTRESS
"он вздохнул, я его раздражаю.",MIND_READING
менің өмірімде ешқашан жақсылық болмайды.,ALL_OR_NOTHING
"ол менің хатымды оқыды бірақ жауап бермеді, мені ұнатпайды.",MIND_READING
мен ешқашан бай болмаймын.,ALL_OR_NOTHING
"люди кто идет на бравый который по турану никогда не стригитесь у сауле, это просто пиздец я плакать хочу. это татешка которой за 50, почему таких берут туда ????????????????",ALL_OR_NOTHING
мен ешқашан жетістікке жете алмаймын.,ALL_OR_NOTHING
она точно обсуждает меня с подругами.,MIND_READING
"it’s either perfection or failure, there is no in-between.",ALL_OR_NOTHING
he probably thinks i'm annoying.,MIND_READING
i feel lonely.,NEUTRAL_DISTRESS
they are judging my food choices.,MIND_READING
"родители думают, что я трачу время впустую.",MIND_READING
надоело все.,NEUTRAL_DISTRESS
"башка просто раскалывается, не могу заставить себя встать с кровати.",NEUTRAL_DISTRESS
"грустно, что друзья разъехались.",NEUTRAL_DISTRESS
"мне теперь кажется группы просто специально ждут пока дофига очереди соберется. потом стоят и смотрят. и тешат свою гордость. видите же что уже люди собрались, зачем не начинать впускать?",MIND_READING
я полное ничтожество без диплома.,ALL_OR_NOTHING
"родители молчат, они наверняка разочарованы моими оценками.",MIND_READING
i feel like crying.,NEUTRAL_DISTRESS
the bus is late again.,NEUTRAL_DISTRESS
"нет сил даже зубы почистить, какой же я уставший.",NEUTRAL_DISTRESS
они смотрят на мои дешевые кроссовки.,MIND_READING
ерасыл к. это была худшая речь из всех что я слышал,ALL_OR_NOTHING
"i literally failed one quiz and now i might as well drop out, there is no point.",ALL_OR_NOTHING
"пожалуйста обьясните всем ли сложно учится в ну? и вообще нормально ли что мне сложно? просто возникает вопрос, вдруг если это сложно, то не мое? а если всем сложно - то ок",ALL_OR_NOTHING
i feel a bit homesick.,NEUTRAL_DISTRESS
у меня никогда не будет нормальных отношений.,ALL_OR_NOTHING
мен ешқашан ағылшын тілін үйренбеймін.,ALL_OR_NOTHING
"опять проспал первую пару, какой же я лох, ненавижу себя.",NEUTRAL_DISTRESS
"моя жизнь — это тотальный провал, ничего хорошего не будет.",ALL_OR_NOTHING
"my code has a bug, i should just drop out of cs right now.",ALL_OR_NOTHING
бәрі мені жек көреді.,ALL_OR_NOTHING
"употребление фруктов вызывает у меня меланхолию и суицидальные мысли. я хз почему, просто собственное наблюдение. психологически хуево мне становится всегда в сезон урожая (конец лета - начало осени) и после нг когда нажираюсь фруктами на каникулах и такое появляется только когда у меня есть доступ к фруктам.  может быть что это какая-то ебнутая аллергия? я слышал что аллергия может вызывать перепады настроения независимо от остальных симптомов и думаю мб у меня как раз такая вещь",NEUTRAL_DISTRESS
i'm so exhausted today.,NEUTRAL_DISTRESS
i know the professor is going to call on me when i'm not listening.,MIND_READING
"ол мені көргісі келмейді, мен оны шаршаттым.",MIND_READING
"every time i try, i fail.",ALL_OR_NOTHING
she thinks i'm ugly.,MIND_READING
"it's -30 outside, i don't want to go to class.",NEUTRAL_DISTRESS
"это полный пиздец, выхода нет.",ALL_OR_NOTHING
"ол маған смайликсіз жазды, маған қатты ренжулі екені анық.",MIND_READING
"все в столовой смотрят на меня и обсуждают, как я ем.",MIND_READING
my entire existence is a mistake.,ALL_OR_NOTHING
i feel like crying for no reason.,NEUTRAL_DISTRESS
"i will never understand coding, i'm just completely stupid.",ALL_OR_NOTHING
i'm worried about money.,NEUTRAL_DISTRESS
"если я не получу а за этот экзамен, то я просто зря трачу время и деньги родителей.",ALL_OR_NOTHING
"there's nothing the matter with me, nothing's the matter with me",ALL_OR_NOTHING
я бесполезен.,ALL_OR_NOTHING
мне грустно.,NEUTRAL_DISTRESS
у меня стресс.,NEUTRAL_DISTRESS
"i’m completely burnout, i can’t do anything right.",ALL_OR_NOTHING
я самый тупой студент в группе.,ALL_OR_NOTHING
"missed the deadline by 1 minute, im so mad.",NEUTRAL_DISTRESS
менің жолым болмайды.,ALL_OR_NOTHING
"что за пздцццц ????? готовлюсь валю, не готовлюсь тоже валю. я устала(((",ALL_OR_NOTHING
"i know i won't get the scholarship, no point applying.",MIND_READING
"егер мен гранттан ұшсам, менің өмірім бітті деген сөз.",ALL_OR_NOTHING
everyone thinks i’m a slacker.,MIND_READING
"если я не получу стажировку в гугле, то я просто зря живу.",ALL_OR_NOTHING
my friends think i'm a burden.,MIND_READING
"я всегда все порчу, я ходячая катастрофа.",ALL_OR_NOTHING
she thinks i'm ugly.,MIND_READING
"i miss my mom's food so much, dorm food is literally poison.",NEUTRAL_DISTRESS
я всегда делаю ошибки.,ALL_OR_NOTHING
he thinks i'm crazy.,MIND_READING
i never finish anything i start.,ALL_OR_NOTHING
"the professor sighed when i answered, he thinks i'm stupid.",MIND_READING
my laptop battery died during the lecture.,NEUTRAL_DISTRESS
"the interviewer looked at the clock, i'm boring him.",MIND_READING
i’m useless.,ALL_OR_NOTHING
i am completely worthless if i don't get this scholarship.,ALL_OR_NOTHING
i’m a total fraud.,ALL_OR_NOTHING
i’ll never pay off these student loans.,ALL_OR_NOTHING
"грустно, что лето так быстро закончилось.",NEUTRAL_DISTRESS
they laugh at me.,MIND_READING
"у меня часто бывают перепады настроения. то я теряю себя и не понимаю как от такого состояния избавиться, то слишком веселая и это все замечают, но не со всеми я так себя веду и показываю.  не то что бы меня это беспокоило, но как то странно себя ощущаю при этом. может просто надо наконец-то разобраться в себе. но как? или просто я такая личность",NEUTRAL_DISTRESS
"а тут всем похуй да что рашка сбила пассажирский самолет поделитесь мнениями опасно ли летать над россией я щас в расии сука и послезавтра должен лететь в аст",MIND_READING
"извините, я тот самый студент который задает вопросы во время лекций. дело не в том, что я хочу произвести хорошее впечатление, дело в том, что я реально тупой и не понимаю и как будто спрашивать вопросы во время лекций наоборот не прибавляет хороших впечатлений а делает тебя самым тупым среди всех студентов которые все понимают????  но я знаю что если не спрошу в моменте, я забуду вопрос потом и не усвою концепт когда идет мыслительный поток именно по этой теме. можно конечно прийти на офис аурс, но если не понять основу лекции, я не пойму и остальной материал а потом уже пройдет много времени и я забуду логику темы и придется просто тупо по второму разу слушать всю лекцию но такой возможности нет да и зачем",ALL_OR_NOTHING
"i'm really stressed about money right now, tuition is so expensive.",NEUTRAL_DISTRESS
"every time i try to speak in class, i sound like a complete idiot.",ALL_OR_NOTHING
все нормальные парни уже заняты.,ALL_OR_NOTHING
"я хочу прям в**бать того чела который руководить всеми решения с универа вплоть до страны   страна вообще не слышит наших сограждан вообще  делаю только вид что слушают :(  ех блин если бы прям четко говорили все что не могут это решение отменить потому что какой то мырқым қырқыбаев решил и пригрозил и так же что какой то инвестор пригрозил или какой то рашн формейшн пригрозил и теперь все отката назад нет",ALL_OR_NOTHING
"я не знаю, как решить эту задачу.",NEUTRAL_DISTRESS
"ешқашан бақытты бола алмаймын, бұл менің тағдырым.",ALL_OR_NOTHING
my stomach hurts from cafeteria food.,NEUTRAL_DISTRESS
i feel really anxious about the future.,NEUTRAL_DISTRESS
я поссорился с другом.,NEUTRAL_DISTRESS
почему то я всегда извлекаю мораль с каждым пройденным курсом,ALL_OR_NOTHING
i'm feeling really burnt out lately.,NEUTRAL_DISTRESS
"they are laughing over there, i bet they are making fun of the way i walk.",MIND_READING
"люди которые все еще ждут ssh ranking, мне кажется они уже забили на это",MIND_READING
i don't understand this assignment at all.,NEUTRAL_DISTRESS
i argued with my mom on the phone.,NEUTRAL_DISTRESS
my future is completely hopeless.,ALL_OR_NOTHING
"this project is garbage, i have to delete it all and start over.",ALL_OR_NOTHING
i fail at everything.,ALL_OR_NOTHING
"they stopped talking when i entered, they must have been gossiping about me.",MIND_READING
"не могу сосредоточиться, мысли путаются, страшно.",NEUTRAL_DISTRESS
вся жизнь — это боль.,ALL_OR_NOTHING
"они думают, я не понимаю их намеков.",MIND_READING
i know the ta hates grading my papers.,MIND_READING
я хочу спать.,NEUTRAL_DISTRESS
ол мені ұнатпайды деп ойлаймын.,MIND_READING
i know the teacher will pick me to answer when i don't know the answer.,MIND_READING
"ой ребят, участвую в одной коррупционной схеме никому не рекомендую сидишь с этими чертовыми конвертами и кажется будто вот-вот влетит антикор, кнб и все все все, чтобы привязать меня  ну нахер эти схемы, живите честно",MIND_READING
"he didn't like my post, he thinks i'm ugly.",MIND_READING
"если я не получу 100 баллов, я тупой.",ALL_OR_NOTHING
this is the worst day of my entire life.,ALL_OR_NOTHING
"я понял, что root of all my problems and stress это вкс. если бы не вкс, все было бы как по маслу. но все же, недолго осталось до конца семестра и я избавлюсь от нее",ALL_OR_NOTHING
it's raining.,NEUTRAL_DISTRESS
мен шаршадым.,NEUTRAL_DISTRESS
"ол маған жауап бермеді, мені елемейді.",MIND_READING
"я не кажусь себе красивой, не могу смотреть в зеркало и любоваться собой. бывают редкие дни когда я думаю вау я красотка, но это пару раз в год происходит. свои черты вообще не нравятся, мне уже надоело смотреть на одно и то же некрасивое лицо. я могу найти красоту, хоть маленькую в каждой (почти) девушке, но в себе нет. пытаюсь каждый раз что то менять в волосах, но в конце это все надоедает все равно. думала сделаю пластику в будущем, но лицо то кардинально не изменится. хотела бы родиться заново с другим лицом:(",ALL_OR_NOTHING
i'm so stressed about finals.,NEUTRAL_DISTRESS
"перестал здороваться первым с кассирами/продавцами после того как почти все перестали здороваться со мной в ответ. я говорю громко, меня прекарсно слышат, но все равно молчат, хотя с людьми до/после меня первыми здороваются. что со мной не так",MIND_READING
"оцените народное творчество  *было написано до фолл брейка  как мидтермы меня все эти заебали что ни день как будто бы в жопу отъебали",NEUTRAL_DISTRESS
i'm nervous about the presentation.,NEUTRAL_DISTRESS
я никогда не смогу это сделать.,ALL_OR_NOTHING
"я никогда не стану счастливым, это невозможно.",ALL_OR_NOTHING
"опоздал на автобус, теперь ждать 20 минут на холоде.",NEUTRAL_DISTRESS
only i could be this stupid to forget the deadline.,ALL_OR_NOTHING
i am the ugliest person on campus.,ALL_OR_NOTHING
i'm not ready for the exam.,NEUTRAL_DISTRESS
i just want to cry.,NEUTRAL_DISTRESS
"тамақ ішкім келмейді, тәбетім жоқ.",NEUTRAL_DISTRESS
everyone ignores my messages.,ALL_OR_NOTHING
everyone assumes i'm stupid because of my grades.,MIND_READING
i always embarrass myself in public.,ALL_OR_NOTHING
everyone hates me.,ALL_OR_NOTHING
i’m 100% sure i’m going to fail out of college.,ALL_OR_NOTHING
нет настроения ни на что.,NEUTRAL_DISTRESS
i am completely incapable of love.,ALL_OR_NOTHING
страшно идти к стоматологу.,NEUTRAL_DISTRESS
i'm worried about my grades.,NEUTRAL_DISTRESS
сабақ оқығым келмейді.,NEUTRAL_DISTRESS
"профессор посмотрел на меня косо, он сто проц знает что я не читал ридинг.",MIND_READING
"как же сложно заставить себя сесть за учебу, прокрастинация убивает.",NEUTRAL_DISTRESS
мен ешқашан емтиханды беске тапсыра алмаймын.,ALL_OR_NOTHING
не могу найти мотивацию встать с постели.,NEUTRAL_DISTRESS
my parents are perfect and i am the black sheep.,ALL_OR_NOTHING
скучно и грустно.,NEUTRAL_DISTRESS
"люди хэлпаните с моей поехавшей кукухой.  в общем, заметил за собой, что мне не комфортно и эмоционально трудно принимать любую значительную помощь или подарки от родителей, по типу смартфона, машины, путешествия, оплаты обучения заграницей, решения проблем и тд. но умом я понимаю, что это вредит моему будущему, т.к невыгодно отказываться от бесплатных благ.   я не знаю истинной причины почему я отказываюсь от этого, но тут пара вариантов, может вы выявите, исходя из изложенных мыслей, root cause.  с одной стороны, я презираю (хотя не правильное слово наверное, потому у меня есть такие знакомые и друзья, с которыми я нормально веду общение) всяких мажиков и вип особей, которые ничего не добившись сами и не приложив усилий, ведут праздный образ жизни и проводят time of their lives: 'учатся' за границей, путешествуют, вступают в отношения, даря друг другу дорогие подарки, покупая айс латте каждый день и тд. и наверное, я не хочу становится одним из них.  и наверное, мне приятно видеть себя 'лучше и правильней' их. хотя это скорее всего классическая ситуация 'мы бедные, но гордые'",NEUTRAL_DISTRESS
coffee spilled all over my notes fml.,NEUTRAL_DISTRESS
they think i'm weird for eating alone.,MIND_READING
judged by everyone.,MIND_READING
"все ненавидят групповые проекты, это закон.",ALL_OR_NOTHING
"пидорасы с вонючими ногами, зачем вы свои обуви снимаете в лайбрари? был один еблан у которого ноги пиздец как воняли, в итоге пришлось несколько мест поменять что бы этот запах не достигал моего носа. а этот даун периодически оглядывался на меня, будто бы я его оскорбил этим поступком.",MIND_READING
i miss my dog so much.,NEUTRAL_DISTRESS
я опоздал на пару.,NEUTRAL_DISTRESS
"она не позвала меня в гости, она считает меня скучной.",MIND_READING
"че за хуйня? бля человек умер в у нас в кампусе. всем вам похуй на это?  мне капец тяжело думать об этом происшествие,  и что мне надо еще два года учиться в том месте где человек умер.",NEUTRAL_DISTRESS
почему так холодно в общаге?,NEUTRAL_DISTRESS
все считают меня странным.,ALL_OR_NOTHING
ол мені жақсы көрмейді.,MIND_READING
"автобус бұзылып қалды, сабаққа кешігетін болдым.",NEUTRAL_DISTRESS
"так одиноко в этой общаге, хоть на стену лезь.",NEUTRAL_DISTRESS
я в раздевалке в библо оставил футболку допустим но смогу забрать его через 2 недели - никто не заберут же? знаю что людям так пофиг на мою футюолку но все равно,MIND_READING
just exhausted.,NEUTRAL_DISTRESS
"чувствуете ли вы себя одиноко даже если дружите со многими людьми? мне раньше было норм быть одному, но сейчас каждый день хочется поговорить с кем-то, но никто никуда не зовет and i don't want to look desperate",NEUTRAL_DISTRESS
менің өмірім толығымен қирады.,ALL_OR_NOTHING
"my bank account is literally empty, i'm starving.",NEUTRAL_DISTRESS
"if i don't get an a in this course, my entire scholarship is gone forever.",ALL_OR_NOTHING
"друзья смеялись, они точно обсуждали мою новую прическу.",MIND_READING
"жизнь кончена, меня бросила девушка.",ALL_OR_NOTHING
nothing matters.,ALL_OR_NOTHING
"мен ешқашан ағылшын тілін үйренбеймін, менің қабілетім жоқ.",ALL_OR_NOTHING
"из за родственника ужасно сильно испортил отношения с родителями. он паразит дома,живет у нас. я пытаюсь это объяснить родителям но они заступаются за него. теперь я виноват и они думают что мне надо в психиатру. хочу помереть",NEUTRAL_DISTRESS
"олар мені шақырмады, демек мені жек көреді.",MIND_READING
my group partners think i'm lazy.,MIND_READING
"ол маған жаман қарады, мені жек көретінін білемін.",MIND_READING
"блять я че настолько тупой, я не могу уже столько учиться и такие низкие оценки получать я заебался",ALL_OR_NOTHING
"моя дисфория заставляет меня чувствовать ужасно, особенно во время месячных. я так это ненавижу, только я начинаю думать, что всё в порядке, даже перестаю носить биндер на грудь, и это снова происходит. возможно это внутренняя трансфобия, но как можно принимать себя, когда вокруг все говорят, что 'это пройдет'? мне почти 20 и с 13 лет ничего не изменилось! дисфория заставляет меня переворачиваться наизнанку и мне опять и опять хочется распотрошить себя. я пытаюсь не думать об этом, но ничего не получается. когда это всё кончится? мне уже невыносимо",NEUTRAL_DISTRESS
i’m totally incompetent.,ALL_OR_NOTHING
"үйді қатты сағындым, мамамның тамағын жегім келеді.",NEUTRAL_DISTRESS
устал.,NEUTRAL_DISTRESS
не могу сосредоточиться.,NEUTRAL_DISTRESS
"чем чаще я контактирую с детьми до 10 лет, тем более ужасным мне кажется отношение моих родителей ко мне, когда я был в этом возрасте. типа как можно видеть перед собой плачущего 4-летнего мальчика, который расстроился из-за того что наступил в лужу и подумать 'бля, вот он нытик ебаный, вмажу ка я ему пощёчину чтобы не плакал'. или когда твой ребенок пришел расстроенный со школы с первой двойкой в дневнике и твоя поддержка это отлупить его ремнем прибавляя по 10 ударов за каждый раз, когда он попытается увернуться или закричит. дети же такие маленькие и хрупкие, а ты полноценно физически развитый взрослый человек, какой это моральной мразью надо быть, чтобы решить применить какие-либо физические наказания к настолько слабому и беззащитному созданию, которого ты сам же и породил? я не могу себе даже представить, чтобы мне пришла мысль дать ребёнку подзатыльник, при этом мой отец до сих пор ходит на работу с термосом с вмятиной от моей башки, потому что 6-летний я как-то его разозлил и он кинул этот сраный термос мне в голову.",NEUTRAL_DISTRESS
"мен ешқашан бай болмаймын, кедей болып өтемін.",ALL_OR_NOTHING
"чувствую что я робот я всегда один мне удобно люди думают я странный и умный мне похуй я робот",MIND_READING
"все парни одинаковые, им нужно только одно.",ALL_OR_NOTHING
i will never be as good as them.,ALL_OR_NOTHING
"he thinks i'm flirting, but i'm just polite.",MIND_READING
"they invited me last minute, they probably just feel sorry for me.",MIND_READING
чувствую себя таким одиноким в этом огромном городе.,NEUTRAL_DISTRESS
они считают меня ребенком.,MIND_READING
"настроение на нуле, хочется просто лежать и смотреть в потолок.",NEUTRAL_DISTRESS
мне плохо.,NEUTRAL_DISTRESS
"я тупой кажется. как достать этот ключ эцп? опять через жопу надо документы подписывать. через usb на сотке пошарится в папках егов приложения? как объясните, плз.",ALL_OR_NOTHING
"вот вы никогда не думали чем живут другие люди? не в плане сплетен, а вот просто интерес искренний. чем увлекаются, с кем общаются, куда ходят. у меня этот интерес вызывает апатию. потому что чем больше у меня знакомых я понимаю что я каждон мгновение теряю время узнать другого человека. и даже чисто теоретически я не смогу даже с каждым нушником своего потока познакомиться. не говоря уже а людях на всей планете.  как-то в тоску вгоняет, лежишь потом и все ещё продолжаешь интересоваться чем живут другие люди.",NEUTRAL_DISTRESS
everything feels impossible.,ALL_OR_NOTHING
it's hard to focus.,NEUTRAL_DISTRESS
"почему когда плачут дети это вызывает у меня пздц какую тревогу? еще когда он не перестает плакать на успокоения ляя прям пздц бешусь резко на ребенка. я типа знаю что я тоже так плакал и это норм, не нужно злиться но я хз что с этим делать ????",NEUTRAL_DISTRESS
"я провела свое лето так ужасно и не продуктивно, прям ничего полезного не делала. думаю вот в след году взять летник и остаться в астане. но чувство что не буду с семьей летом тоже немного тревожит. летник хорошая идея?",ALL_OR_NOTHING
she thinks i'm ugly.,MIND_READING
ema guys i am so tired kogda she uzhe use zakon4itcsa,NEUTRAL_DISTRESS
я всегда все делаю неправильно.,ALL_OR_NOTHING
"я проснулся, у меня свободный день. я могу заниматься чем хочу. но я не хочу вообще проживать этот день, я хочу просто проспать его, мне тревожно и хочется просто избежать мыслей о существование.  мне было относительно лучше, но путь в университет, это было очень тяжело. у меня не понимаю почему, началась сильная тревога, можно сказать паника, мне было тяжело дышать. я сейчас эмоционально чувствую ужасно. я просто шёл и мне было так невероятно изнуряюще и тяжело, в голове мысли путаются, и дыхание не ровное. фух...  я так устал, я чувствую себя таким failure. с таким трудом даётся, просто черт возьми прогулка с общежития до университет. я устал, ничего  больше не могу сказать.   с такими днями, я не знаю, я не думаю что мне нравится такое существование. я не знаю, что делать со всем этим.   p.s. не знаю зачем делюсь, но может кто-то скажет дельное или может был похожий опыт",ALL_OR_NOTHING
мне кажется или всем пох на то что собираются отключать горячую воду?,MIND_READING
i hate this weather.,NEUTRAL_DISTRESS
everyone else has their life figured out except me.,ALL_OR_NOTHING
surely nothing bad would happen to the world if i were to kill myself?,NEUTRAL_DISTRESS
бүгін өте жаман күн болды.,NEUTRAL_DISTRESS
i know she's lying about being busy.,MIND_READING
"помогите, как вы вылечили депрессию? или же, как вы действовали когда у вашего родного депрессия? что я смогу сделать? очень страшно :(",NEUTRAL_DISTRESS
"наверняка они обсуждают, как я опозорился на презентации.",MIND_READING
"они думают, что я странный.",MIND_READING
вся система против меня.,ALL_OR_NOTHING
я всегда буду неудачником.,ALL_OR_NOTHING
my parents will never be proud of me.,ALL_OR_NOTHING
ол мені өзімшіл деп ойлайды.,MIND_READING
олар мені өсектеп жатыр.,MIND_READING
they are only being nice because they want notes.,MIND_READING
"она не лайкнула мою сторис, она точно обиделась на вчерашнее.",MIND_READING
менің болашағым жоқ.,ALL_OR_NOTHING
i feel really overwhelmed with the workload this week.,NEUTRAL_DISTRESS
"my roommate is slamming doors, she's mad at me.",MIND_READING
"очень устал от людей, хочется тишины.",NEUTRAL_DISTRESS
nothing good ever happens to me.,ALL_OR_NOTHING
"почему мне все старшаки, что линейка очень легкий курс? бляяяяя и где же она легкая, пииииздееееееееееееееец, меня изнасиловали. нахера я так яростно регал ардака, если мидку все равно жибек из адского котла достала. пиздец а не курс. я хочу выпилиться аааааааа",NEUTRAL_DISTRESS
сложно найти мотивацию.,NEUTRAL_DISTRESS
"я устала думать кем я стану после универа, как заработаю на кв, машину и тд.",NEUTRAL_DISTRESS
"он не позвал меня гулять, он считает меня скучным.",MIND_READING
"она думает, что я некрасивая без макияжа.",MIND_READING
я один хочу уничтожить всех людей которым дует,ALL_OR_NOTHING
"поссорился с мамой, и обычно я ей писал первым и спрашивал как дела, и потом извинялся чтобы восстановить общение даже если она была не права. но в этот раз очень сильно поссорились что я даже перестал общаться с ней и жду когда же она напишет первой и попросит прощения. прошло уже две недели, тишина. она живая это точно, через папу это знаю. но прикиньте я не понимаю как можно не общаться со своим ребенком. и проанализировав прошлые ссоры, они всегда заканчивались тем что я в конце извинялся хотя я считаю по сей день что я был прав в тех моментах. да общество может встать на сторону мамы, якобы она «святая», и он у меня одна и единственная, но тут явное дело что я тут жертва эмоционального насилия и манипуляции. каждый день жду от нее сообщение извинения которую я с радостью приму, но с каждым днем я больше удивляюсь что это уходит надолго. и у меня такой вопрос, у менч одного такая больная мама? или у вас тоже постсоветские родители такие?",MIND_READING
"i literally can't do this anymore, it's too much.",NEUTRAL_DISTRESS
i know i’m gonna say something stupid.,MIND_READING
he thinks i'm desperate.,MIND_READING
олар мені ұнатпайды.,MIND_READING
она меня презирает.,MIND_READING
"guys как вы справляетесь с чувством несправедливости. почему мои ровесники кайфуют на деньги родителей and living their best life на чиле - когда я должен подниматься на тот уровень работая с утра до вечера. позже это они еще недооценивают говоря что кто так будет работать. так пусто после этого в голове только чувство несправедливости. как вы справляетесь с этим, вроде взрослый уже человек но никак не могу контролировать и побороть эти чувства. не всегда но раз в год чувствуется.",NEUTRAL_DISTRESS
менің болашағым жоқ.,ALL_OR_NOTHING
"honestly, i would really like to get known with every internetional student and ask questions about them and just talk, but i always feel afraid to be annoying to them if i approach them randomly.",MIND_READING
"почему я некоторых людей вообще не вижу я в ну, а других каждый день да ещё и по несколько раз. ещё подумают что я сталкер. в соцсетях вижу, что человек в ну учится, но ни разу не встречал????",MIND_READING
"я никогда не научусь программировать, это не для меня.",ALL_OR_NOTHING
"блин ненавижу себя. есть 2 курса которые по материалу и темам очень перекликаются друг с другом. я один в фолле закрыла на а, а второй на в. в спринге я более сложный предмет закрыла на а (сама удивилась), а 2ой котрый как бы в паре с ним по темам, я закрыла на в. поидее я могла закрыть оба на а- или в+, если бы у меня были силы на оба эти предмета. но я смогла сконцентрироваться только на одном нормально, а второй чуть ли не запорола, второй был на грани с. гребаное сдвг.",NEUTRAL_DISTRESS
ол мені жалқау деп санайды.,MIND_READING
"пожалуйста пожар ешқашан шынымен болмасыншы, мен сасқалақтап, паника боламын всегда сондай кезде????????",ALL_OR_NOTHING
i miss my family.,NEUTRAL_DISTRESS
они наверняка обсуждают мои прыщи.,MIND_READING
"аяғым ауырып тұр, бүгін көп жүрдім.",NEUTRAL_DISTRESS
"ол менің сөзімді бөлді, демек менің пікірімді түкке тұрғысыз деп санайды.",MIND_READING
"nobody cares about student mental health here, absolutely nobody.",ALL_OR_NOTHING
"выпил литр испорченого молока, am i cooked",ALL_OR_NOTHING
"somehow everyone at uni is smarter than me, except for the 3 students in my group project.",ALL_OR_NOTHING
они наверняка смеются над моим пальто.,MIND_READING
настолько одиноко в унике что могу целый день не говорить вообще ничего. вечером дома даже издаю рандомный звук чтобы вспоминать какой у меня голос...,NEUTRAL_DISTRESS
"i’ll never understand physics, my brain is broken.",ALL_OR_NOTHING
"писец, шандарахнуло током от гирлянды, спустя 5 минут все мышцы болят, я овощ",ALL_OR_NOTHING
мен емтиханнан төмен балл алдым.,NEUTRAL_DISTRESS
money is tight right now.,NEUTRAL_DISTRESS
мен толығымен үмітсізбін.,ALL_OR_NOTHING
"i just wanna get this off my chest. rant жазып жібермесем жалғыз өзім алжып бара жатқан сияқты сезініп жүрмін. 'оқып бастайды' емес 'оқи бастайды' деген дұрыс емес пе? '-ып' пен аяқтап, оған 'бастайдыны' қосу қашаннан бері басталды? өйткені осы астанада қалың орыс тілдінің арасында тұрғанда да бұрын көп естімеппін, осы соңғы бірнеше жылда ғана жаппай қолданылып кеткен сияқты. бірақ айналамдағылардың бәрі 'жасап бастайды', 'жеп бастайды' деген соң өзім күмәнданатындай болдым. p.s. грамматиканың уақыт өте келе өзгеретінін, жаңаша қолданыстардың қалыпты екенін, әрине, түсінемін. ешкімге сөйлеме деп те жатқан жоқпын. 'өзіңе қарап ал', 'қайтесің оны' деген сияқтыны жазбай-ақ қойсаңыздар болады. оны әбден білемін. жай мынаны жазып жібермесем жалғыз өзім бір өтірік жаттап алғын сияқты, бәрінің миында болған апгрейд менің миыма жетпей қалған сияқты сезініп жүрмін.",NEUTRAL_DISTRESS
"у меня плохое зрение и как будто на долю секунды у меня все черное становится. как будто моргнул, но глаза не двигаются. у меня такое случается редко, но случается. у кого нибудь еще были такие проблемы? мне немного страшно становится.",NEUTRAL_DISTRESS
i’m a complete waste of space.,ALL_OR_NOTHING
я всегда все порчу.,ALL_OR_NOTHING
мен ешқашан жетістікке жете алмаймын.,ALL_OR_NOTHING
my roommate hates everything i do.,ALL_OR_NOTHING
"сәлем қыздар!  сіздерге бір өтінішім бар еді. кім жүзуге үйрете алады?) i can say i am totally zero at swimming, but want to lear it. somehow afraid to lear it alone, батып кетемін ба дегендей. 3-4 рет бірге барып үйретіп жіберетін адам болса комментке жазып кете аласыздар ма))",ALL_OR_NOTHING
i feel like i'm drowning in work.,NEUTRAL_DISTRESS
"she's whispering to her friend, they are definitely mocking me.",MIND_READING
they think i'm a loser.,MIND_READING
мен сорлымын.,ALL_OR_NOTHING
"первый курс прошел и ничего абсолютно сделать или хоть чего то достичь не смог, в резюме мне добавить практически нечего кроме образования, как составлять его я не знаю, с чем теперь стажировки искать тоже хз. жизнь проносится а я сижу на попе и стагнирую",ALL_OR_NOTHING
i'm really broke until next week.,NEUTRAL_DISTRESS
это нормально что на первом курсе учиться так трудно? я уже пздц устала и даже после брейка не ощущаю никакой прилив сил. я не умею нормально отдыхать и виню себя постоянно что могла бы учиться вместо отдыха. поэтому постоянно учусь. скажите что на старших курсах станет легче((((,NEUTRAL_DISTRESS
it's so dark in the mornings now.,NEUTRAL_DISTRESS
"менің болашағым жоқ, мен ешкім болмаймын.",ALL_OR_NOTHING
they are laughing at my accent.,MIND_READING
i always say the wrong thing.,ALL_OR_NOTHING
they think i'm weird for eating alone.,MIND_READING
я никогда не высплюсь.,ALL_OR_NOTHING
"бүгін ауа райы жаман, көңіл-күйім де сондай.",NEUTRAL_DISTRESS
i bet they think i'm a loser.,MIND_READING
"хелп пожалуйста своими советами для продуктивной учебы, я ужасно себя чувствую хотя прошла всего одна неделя, уже столько давления и нервяка, какие вы техники для учебы используете, как себя мотивировать? помогите прошу",NEUTRAL_DISTRESS
просто устал.,NEUTRAL_DISTRESS
"wdym this is the last astana ball????? i dont think that my crush is going to invite me this year but i was hoping that he will in the future(crying emoji) now im literally crying уа мейрымсыз махабат мен жигитсыз каламба мына омирде!!???(((((",NEUTRAL_DISTRESS
it’s perfect or it’s worthless.,ALL_OR_NOTHING
азамат по фмат 010 норм обьясняет? или я сам такой тупой,ALL_OR_NOTHING
"my gpa dropped by 0.1, i'm a total failure.",ALL_OR_NOTHING
"бәрі мені жек көреді, мен ешкімге керек емеспін.",ALL_OR_NOTHING
"мне немного завидно тем, кто берет с друзьями курсы и ходят веселятся. у меня есть друзья, и я достаточно общительный, но у меня нет друзей с кем я 24/7 вместе. мне тупо некомфортно так общаться. я иногда думаю завести девушку, чтобы хотелось с кем-то быть всегда вместе, но у меня и этого нет.  мне будто сложно находиться слишком долго рядом с людьми. но ведь все равно завидно. трава кажется зеленее?",NEUTRAL_DISTRESS
every single person in the library is studying harder than me.,ALL_OR_NOTHING
"everyone is judging my outfit today, i look hideous.",ALL_OR_NOTHING
"«тяжёлые времена рождают сильных людей, сильные люди создают лёгкие времена. лёгкие времена рождают слабых людей. слабые люди создают тяжёлые времена.» какие же сейчас лёгкие времена, расплодились феминистки, некоторые пацаны стали на пацанов не похожи, отравленная еда доступна и вкусна (сахар и пластик). запад внушает нам что каждый из нас личность и человек с большой буквы и нам можно все что угодно в этом мире. я не знаю что кроме тяжелых времен может исправить этот мир. жду не дождусь когда в мире произойдет какой то пиздец и тогда то произойдет отбор на достойных и недостойных.",ALL_OR_NOTHING
никто не предупредил меня о том что взрослая жизнь это так одиноко,ALL_OR_NOTHING
обидно до слез.,NEUTRAL_DISTRESS
"ахтар сегодня сделал мне финальный фистинг. теперь грустно, мне все нравилось",NEUTRAL_DISTRESS
я никогда не стану нормальным специалистом.,ALL_OR_NOTHING
it's perfect or it's nothing.,ALL_OR_NOTHING
nobody understands me.,ALL_OR_NOTHING
я никогда не смогу купить квартиру.,ALL_OR_NOTHING
i'm a total failure as a human being.,ALL_OR_NOTHING
everyone ignores me on purpose.,ALL_OR_NOTHING
все считают меня неудачником.,MIND_READING
"ол мені ақымақ деп ойлайды, өйткені мен қате жауап бердім.",MIND_READING
i always make the wrong decisions.,ALL_OR_NOTHING
мне кажется в нашем универе все черные одним адикалоном пользуются,ALL_OR_NOTHING
"почему в калке 2 так дохуя разных тем? я вроде все знаю, но все все равно вылетает из головы…",ALL_OR_NOTHING
я всегда ошибаюсь.,ALL_OR_NOTHING
"ребят срочно нужна помощь по калк2, такое ощущение что я ничего не понимаю, даже если решаю по текстбуку: чалю темы оттуда, но не могу решить проблем сеты… напишите пж кто готов помочь просто объяснить",ALL_OR_NOTHING
everyone is smarter than me.,ALL_OR_NOTHING
i'm worried about my grades.,NEUTRAL_DISTRESS
"ол менің даусымды ұнатпайды, сондықтан сөйлеспейді.",MIND_READING
шаршадым.,NEUTRAL_DISTRESS
настроение на нуле.,NEUTRAL_DISTRESS
i'm struggling with this essay.,NEUTRAL_DISTRESS
everyone is judging me all the time.,ALL_OR_NOTHING
i am 100% going to fail life.,ALL_OR_NOTHING
i feel so unmotivated to study for finals.,NEUTRAL_DISTRESS
"я всегда буду один, никто меня не выдержит.",ALL_OR_NOTHING
i feel empty inside.,NEUTRAL_DISTRESS
this assignment is really difficult.,NEUTRAL_DISTRESS
i have three deadlines tomorrow and i haven't started.,NEUTRAL_DISTRESS
мен түкке тұрғысызбын.,ALL_OR_NOTHING
i have a stomach ache from eating too much junk food.,NEUTRAL_DISTRESS
i am 19 years old and just finished my 1st year. being unemployed just makes me feel like a failure and i am constantly anxious. am i the only one?,NEUTRAL_DISTRESS
"никто и никогда меня не поймет, я инопланетянин какой-то.",ALL_OR_NOTHING
устала от вечного ветра в астане.,NEUTRAL_DISTRESS
"шаршадым, бәрінен шаршадым, демалғым келеді.",NEUTRAL_DISTRESS
маған қиын.,NEUTRAL_DISTRESS
i'm a total loser.,ALL_OR_NOTHING
"я так устала, отчислилась с ну, поступила в какой то рандом уник, теперь чтобы было что жрать рву жопу пишу статьи которые даже не проверяют на оригинальность и ставят автоматом 50. работаю на ночной работе которая меня измотала, снимаю кв с долбаебками которые не знают личных человека. понабрала рассрочек и теперь страдаю от отсутвия денег и желания жить. сухур мен ифтарга жейтын тук жок болгасын ораза устамадым. 500 жыл бурын алган вакамен коректенип журмин, может реалтно сдохнуть?",NEUTRAL_DISTRESS
"мне кажется мой друг хочет чтобы я во всем провалился. он скрывает это но всегда старается не включать меня в какие то тусовки, мероприятия, знакомства. с учебной стороны та же тема. но дружим мы отлично, шутим, делаем что-то вместе и странные мысли забываются. но иногда все кажется таким очевидным. это у меня проблемы? может я просто боюсь чего-то и нужно идти к психологу? такая тема часто бывает не только с ним по сути.",MIND_READING
"күн суық, жылы киім киюді ұмытып кеттім.",NEUTRAL_DISTRESS
я безнадежен.,ALL_OR_NOTHING
cuка я так угарал с поста про отца в va почему люди тут спрашивают буквально все,ALL_OR_NOTHING
"что я понял так это то что в постсовке 99% молодых девушек хотят чтобы парень/муж брал на себя все финансовые трудности, а девушка ничего не должна в принципе. все ее деньги это только ее деньги, все деньги мужа общие. так и живем. общий бюджет, разделение обязанностей? не, не слышали вообще",ALL_OR_NOTHING
"я парень и я не понимаю писуары. ни разу не использовал. я понимаю что никакой парень а жизни не вздумает посмотреть. но мне все равно не комфортно. парни почему обьясните сородичу",MIND_READING
я всегда проигрываю.,ALL_OR_NOTHING
she thinks i'm trying too hard.,MIND_READING
я всегда выгляжу как клоун.,ALL_OR_NOTHING
"помогите я скоро сойду с ума! когда лежу мне становится страшно очень страшно, и уходит это только если я делаю уроки. а уроки делать постоянно я не могу, страшно устою. когда ем страшно, когда купаюсь страшно, когда засыпаю страшно, когда выкидываю мусор страшно",NEUTRAL_DISTRESS
"people think i'm rich because of my phone, but i'm broke.",MIND_READING
почему никто не говорит о том какие грубые люди которые в ответе за ландри? обращаются так будто я им че то обязана,MIND_READING
i know something bad will happen if i go there.,MIND_READING
никто и никогда меня не полюбит таким.,ALL_OR_NOTHING
"олар менімен сөйлескісі келмейді, мен оларды жалықтырып жібердім.",MIND_READING
"one day, i want to enter the space, i want to look to our earth, to the tiny sphere in the dark space. i want to forget about all of my problems, all of my anxiety and just stare to this beautiful image. and yes, i will definitely cry, huh",NEUTRAL_DISTRESS
я никогда не буду достаточно хорош.,ALL_OR_NOTHING
"мұғалім маған сұрақ қоймады, мені дайын емес деп ойлайды.",MIND_READING
я никогда не стану нормальным программистом.,ALL_OR_NOTHING
why is suicide not a solution? i don’t quite understand,NEUTRAL_DISTRESS
"my roommate didn't say bless you when i sneezed, she definitely hates my guts.",MIND_READING
i know i'm gonna mess this up.,MIND_READING
іш пысты.,NEUTRAL_DISTRESS
болит душа.,NEUTRAL_DISTRESS
it's too cold outside.,NEUTRAL_DISTRESS
просто грустно.,NEUTRAL_DISTRESS
i'm sad.,NEUTRAL_DISTRESS
nothing ever goes right for me.,ALL_OR_NOTHING
чувствую себя разбитым сегодня.,NEUTRAL_DISTRESS
это конец.,ALL_OR_NOTHING
the grind never stops. even when sleeping i grind my teeth. never stop grinding.,ALL_OR_NOTHING
they think i'm a loser.,MIND_READING
"это конец, я завалил мидку.",ALL_OR_NOTHING
"мұғалім маған қатал қарады, мені құлататын шығар.",MIND_READING
i am a total burden to my family.,ALL_OR_NOTHING
"i feel so drained, i can barely keep my eyes open.",NEUTRAL_DISTRESS
олар менің үстімнен күліп жатыр.,MIND_READING
"меня стебут за неправильное произношение слов в русском языке, я сама казашка и начинала учить русский  в 11 лет, сейчас мне 18, но все равно мой уровень далеко  не беглый и продвинутый.  и моя подруга, и друзья и  сокурсники пародируют мою речь и слова, которых я неправильно произношу, из-за этого у меня нет уверенности и всегда хожу замкнутая. как быть? может просто разговаривать на казахском, даже если все рядом на русском, просто иногда стремно. блин, мне так стыдно.",NEUTRAL_DISTRESS
everyone thinks i'm awkward.,MIND_READING
"апай ұрысты, көңіл-күйім түсіп кетті.",NEUTRAL_DISTRESS
my life is over.,ALL_OR_NOTHING
ол мені жек көреді.,MIND_READING
у меня дикая бессонница уже неделю.,NEUTRAL_DISTRESS
"she's looking at her watch, she is definitely bored of me.",MIND_READING
my social battery is drained.,NEUTRAL_DISTRESS
"почему мне откровенно похуй на учебу? мне даже становится все равно на стипендию. мой потолок это не уйти в пробейшн, а так нормально заживу деп ойлап кетем иногда. и я понимаю что это не правильный аттитюд к образованию, все тут чалят, куни туни какойто бр курстын проценттерин ойлайд, а я даже нормально не хожу на лекции, ну не могу я себя заставить. универден шыгып кетейн десем духм жетпейды перед родителями. я не знаю….",NEUTRAL_DISTRESS
they are only pretending to be my friends.,MIND_READING
"олар мені кедей деп ойлайды, сондықтан шақырмады.",MIND_READING
i just want to sleep for a week.,NEUTRAL_DISTRESS
my friends probably think i'm boring.,MIND_READING
"они думают, что я странный, потому что я молчу.",MIND_READING
"я всегда все усложняю, я невыносимый человек.",ALL_OR_NOTHING
i’ll never be happy.,ALL_OR_NOTHING
my sleep schedule is messed up.,NEUTRAL_DISTRESS
my crush probably thinks i'm ugly.,MIND_READING
i just know something bad is going to happen today.,MIND_READING
i struggle with low esteem. i dont feel like i am the same as other people so i struggle to communicate. i always think that i am not worthy of their attention. i want to become someone who is worthy but i dont have enough energy for it. i just get tired out too fast. in the result i feel very lonely. it is very enduring to live like that everyday. i really try to change something but nothing really is changing,ALL_OR_NOTHING
my roommate is perfect and i am a complete slob.,ALL_OR_NOTHING
they probably think i'm poor.,MIND_READING
the professor definitely thinks i'm lazy because i skipped one class.,MIND_READING
комиссия меня точно завалит на защите.,MIND_READING
это только мне сегодня хуево или у всех так?,NEUTRAL_DISTRESS
she thinks i'm trying too hard.,MIND_READING
"кажется, я всем мешаю своим присутствием.",MIND_READING
никогда не везет.,ALL_OR_NOTHING
i can feel that everyone in the chat hates me.,MIND_READING
"professor ignored my hand, he dislikes me.",MIND_READING
"я полностью провалил экзамен, я полный идиот.",ALL_OR_NOTHING
they think i'm a fraud.,MIND_READING
my life is over if i don't get into this specific course.,ALL_OR_NOTHING
"кем можно работать во время учебы, если не репетитором? пробовала очень много раз, вроде и на волонтерстве преподавала, давала пробные, все время волнуюсь, объяснять не получается. мне начинает казаться, что уже не мое. вроде хорошо все знаю, а как чувствую ответственность начинаю волноваться и тупить.",NEUTRAL_DISTRESS
я полный ноль.,ALL_OR_NOTHING
"ребята, я после окончания не нашла работу другую, работаю как ra. до 1-го сентября надо сдать справку. могу я просто ra контракт выслать? или менеджер может составить справку? также у меня пока контракт только на лето, следующий период скорее всего с опозданием оформят. как поступить в такой ситуации?  поделитесь своим опытом, я очень тревожусь",NEUTRAL_DISTRESS
they think i cheated.,MIND_READING
she definitely hates my guts.,MIND_READING
"im jealous of mfs who consume the worst shi possible and nothing happens to them while i have the healthiest diet, sports literally everyday and get sick each month. im tired of this",NEUTRAL_DISTRESS
"погода в астане просто ужасная, этот ветер сводит меня с ума.",NEUTRAL_DISTRESS
"хочу поговорить о теме насилия, мне кажется вы не поняли что имели люди в подкасте орта, они говорят что ответственный за твою жизнь только ты и от твоих решении зависит твоя судьба но виноватый конечно насильник, то есть не ходить ночью, не ходить в опасные места, а насчёт одежды я не совсем согласен, но при открытой одежде харассмента не физического много,  я считаю физический харассмент не связан с изнасилованиями, потому что если человек захочет он не посмотрит на одежду, поэтому не берите все из контекста",MIND_READING
"вчера когда мама улетала домой, я не успел с ней обняться на прощание.  вроде бы мелочь, но грусть от этого все никак не уходит",NEUTRAL_DISTRESS
"көңіл-күйім жоқ, жылағым келеді.",NEUTRAL_DISTRESS
i’ll be alone for the rest of my life.,ALL_OR_NOTHING
"ертеңгі күнге дайын емеспін, қорқып тұрмын.",NEUTRAL_DISTRESS
nothing i do ever matters.,ALL_OR_NOTHING
"денег осталось только на гречку, сложно так жить.",NEUTRAL_DISTRESS
мне грустно.,NEUTRAL_DISTRESS
"they are whispering, they must be talking about my hair.",MIND_READING
"почему у меня вечно ощущение будто уже поздно? (имею в виду возраст). я будто ничего не успею добиться, хотя знаю что никогда не поздно и т.д, сам так говорю людям иногда. что делать? почему так происходит?",ALL_OR_NOTHING
они точно смеются над моим английским.,MIND_READING
"шаршадым, демалғым келеді.",NEUTRAL_DISTRESS
my head hurts.,NEUTRAL_DISTRESS
he thinks i'm not good enough for him.,MIND_READING
he thinks i'm not good enough.,MIND_READING
i don't know what to do with my major.,NEUTRAL_DISTRESS
everyone thinks i'm boring.,MIND_READING
i feel overwhelmed by everything.,NEUTRAL_DISTRESS
"the interviewer didn't smile, i definitely didn't get the job.",MIND_READING
she thinks i'm weird for sitting alone.,MIND_READING
пиздец мне плохо становится когда кто то лучше меня,NEUTRAL_DISTRESS
everyone is looking at my acne.,MIND_READING
"болит горло и голова, кажется, я заболеваю.",NEUTRAL_DISTRESS
"они думают, что я глупый.",MIND_READING
"мама вздохнула, она разочарована во мне.",MIND_READING
it's always my fault.,ALL_OR_NOTHING
адвайзер наверняка считает меня проблемным студентом.,MIND_READING
"я так понял все ивенты для девушек и парням нельзя туда ходить, эхх либералы... даже пукнуть нельзя",ALL_OR_NOTHING
"мен әрқашан бәрін бүлдіремін, менің жолым болмайды.",ALL_OR_NOTHING
i spent my last money on printing.,NEUTRAL_DISTRESS
i'm useless.,ALL_OR_NOTHING
они думают я лох.,MIND_READING
ребята спасибо за поддержку . я получила мискон во время первого курса за использование аi из за чего мне никто в универе не поможет из за наличия нарушения,ALL_OR_NOTHING
менің өмірім толығымен құрыды.,ALL_OR_NOTHING
i am always two steps ahead. always two steps ahead.,ALL_OR_NOTHING
все осуждают.,MIND_READING
ол мені әлсіз деп санайды.,MIND_READING
i'm sad.,NEUTRAL_DISTRESS
my roommate is so loud i cant sleep.,NEUTRAL_DISTRESS
"пиздец бля  перваш, в фолле по учебе всё было вполне даже хорошо, а в спринге на грани лишения стипендии. из-за этих жизненных обстоятельств я так устал уже",NEUTRAL_DISTRESS
i have 2000 tenge to last me two weeks.,NEUTRAL_DISTRESS
"неге осы бұрын артынан жүгірсемде қарамаған қыздар қазір уже қызым бар кезде алдымнан жылтыңдап шығып қыр соңымнан қалмай өздері инициатива бастағыш болып кеткені бар? неге бұрын жәй маған толық ашылуға мүмкіндік бере салуға болмас еді? ішімдегі сырымды ойымды жан дүниемді емес сыртыма ғана қарап тон пішіп пока деп қол былғап кететіндер қазір енді неге ойлары ауыса жөнелді ? бұл өзі қандай үрдіс өзі ? шынымды айтам түсіне алар емеспін...(  әрине енді менде қарамаспын бірақ қолымда ештеңе жоқта қасымда болған маған мүмкіндік берген, маған арам оймен емес шын сүйіп болған адаммен болмақпын. бірақ кешегі қаншама ойлар мен жүрегімді жаралаған ақ сызық пен жігіттік назды кездерім өшпек емес (  дүние мен ер адамның келбетілігі жәй дүниелік тереңдікте нанға да жағып жей алмайтын құны арзан қасиеттер ғой.",NEUTRAL_DISTRESS
"i am so overwhelmed with all these deadlines, i feel like i can't breathe.",NEUTRAL_DISTRESS
"олар мені мазақтап жатыр, мен білемін.",MIND_READING
так хочется просто исчезнуть на время.,NEUTRAL_DISTRESS
i’m sad that my friends went out without me.,NEUTRAL_DISTRESS
i am already tired of studies please wish me good luck. thank you!,NEUTRAL_DISTRESS
"мне одному ну прям совсем не чалится во время брейка? как себя не заставь, дольше 15 минут учиться не получается, даже если во время брейка в библиотеке сидишь. как с этим справиться? страшно, ведь скоро начинается адовый месяц, а я к нему не готов.",NEUTRAL_DISTRESS
i feel like giving up.,NEUTRAL_DISTRESS
по моему я вообще не успеваю и от всех отстаю,ALL_OR_NOTHING
i’ll be alone forever.,ALL_OR_NOTHING
"көңіл-күйім жоқ, ешкімді көргім келмейді.",NEUTRAL_DISTRESS
i’m never gonna find a boyfriend.,ALL_OR_NOTHING
i feel sick but i can't skip class.,NEUTRAL_DISTRESS
i bet they invited me just out of pity.,MIND_READING
"я знаю, что я провалю этот экзамен.",MIND_READING
"the professor looked at me, he definitely thinks i'm dumb.",MIND_READING
қатты қобалжып тұрмын.,NEUTRAL_DISTRESS
the prof thinks i’m wasting his time.,MIND_READING
she thinks i'm weird.,MIND_READING
i am completely alone.,ALL_OR_NOTHING
everyone is judging me right now.,ALL_OR_NOTHING
i have a headache.,NEUTRAL_DISTRESS
"почему я такой ненасытный? увеличил зп х4 за год, все еще не чувствую то что чего то достиг, не чувствую то что у меня много денег, хочется еще и еще, и тут я как будто понимаю что счастье далеко не только в деньгах",NEUTRAL_DISTRESS
"бля какая же я тупая, я реально, ну мне лучше умереть чем родиться было",ALL_OR_NOTHING
everyone assumes i'm dumb.,MIND_READING
"что делать с навязчивой тревогой, со школы преследует мысль что люди вокруг ненавидят меня и могут нанести вред. сознательно, я пытаюсь донести себе что это моя мнительность, но тревога от этого не пропадет. иногда начинаю буквально трястись от нервозности когда ловлю на себе слишком много взглядов",MIND_READING
бәрі маған қарсы.,MIND_READING
"there is no point in studying, i will fail anyway.",ALL_OR_NOTHING
они меня осуждают.,MIND_READING
все преподы хотят меня завалить.,ALL_OR_NOTHING
"блять я в ахуе, с этими повышениями цен на дорм я откладывала, не ужинала иногда, чтобы накопить и родителей не нагружать, потому что у них щас еще много других расходов(( а тут бля читаю про огромные сворованные суммы, мне такие даже и не снились. а ведь как раз снова повысили стоимость дорма. короче не знаю уже что делать. это грустно пиздец как.",NEUTRAL_DISTRESS
"к 17.00 уже темно как ночью, и я чувствую себя сонной и уставшей из-за того что так рано темнеет. что можно с этим сделать( устала от этого, к вечеру уже сил нет. и тем более сил нет на встречи и посиделки",NEUTRAL_DISTRESS
"жалғыздықтан шаршадым, біреумен сөйлескім келеді.",NEUTRAL_DISTRESS
"я первашка, насколько safe оставаться здесь учиться? после всех новостей хочется перепоступить т-т",NEUTRAL_DISTRESS
олар менің сөзіме сенбейді.,MIND_READING
"вокруг одни лицемеры, никому нельзя верить.",ALL_OR_NOTHING
"тяжело, когда друзья далеко.",NEUTRAL_DISTRESS
"интернет в общаге опять тупит, невозможно ничего делать.",NEUTRAL_DISTRESS
ол мені ақымақ деп ойлайды.,MIND_READING
he hates me.,MIND_READING
"почему я раздражаюсь на маму? у вас бывало такое? моя мама прекрасный человек, она всю жизнь работала, трудилась, всегда покупала то что я хочу, поддерживала и принимала. у нее есть свои недостатки, но overall она не была никогда абьюзивной, не ругалась, не била меня. но когда я с ней сейчас провожу время, меня раздражает что она скажут что то людям в очереди плюс она общительный человек и всегда начинает разговор с незнакомцами. я могу грубо ответить или психануть и начать воспитывать ее. и в моменте я не могу себя контролировать но потом чувство вины затапливает и я чувствую себя как самый ужасный ребенок который не ценит свою маму. я всегда хочу ей помочь и я не могу избавиться от чувства что я какая то не такая. может у кого была такая ситуация, что вы делали? как перестать быть мамой для мамы? :(",NEUTRAL_DISTRESS
"they didn't invite me, they must be talking behind my back.",MIND_READING
i need a break.,NEUTRAL_DISTRESS
"голова кружится от усталости, мне нужен отдых.",NEUTRAL_DISTRESS
"они переглянулись, они точно считают меня кринжовым.",MIND_READING
i'm a total failure.,ALL_OR_NOTHING
у меня у одной так? или у всех гумов в этом семестре именно вт и чт забиты? всее курсы которые я хотела зарегать или могла зарегать всее выпадают на вт чт чзх,ALL_OR_NOTHING
"живот болит от стресса, не могу ничего есть.",NEUTRAL_DISTRESS
"я хочу сходить на консультацию с психиатром в ну, насколько он/она хороший?   просто, в последнее время мне ужасно в плане настроения, тревожности, в последнее время часто рыдаю. я походил к психологу в ну 2 раза, но думаю, просто анализ поведения и мыслей и все такое, не особо достаточно в моей ситуации. хоть и дискомфортно и страшно, думаю узнать...",NEUTRAL_DISTRESS
"я устал от этих конченных новостей не могу от них убежать, они достают меня везде",NEUTRAL_DISTRESS
"kaz371 contemporary kazakh literature  yermek adayeva жестко оценивает белсенділік?  пос семестра ничего не говорил так как поздно зарегал курс и несколько уроков проходили за дебатами, групповая презентация, тест сдавали сегодня типа.   а в остальные дни я не говорил. мне конец?",ALL_OR_NOTHING
"она не ответила на сообщение сразу, значит я ей противен.",MIND_READING
"такое чувство, будто все вокруг работают и только я сижу на шее у родителей",ALL_OR_NOTHING
there is absolutely no hope for me.,ALL_OR_NOTHING
мен ешқашан бай болмаймын.,ALL_OR_NOTHING
"недавно узнал про кажымурата акназара, и я просто не верю, что он покончил с собой. я готов поверить во что угодно, но не в суицид. у него буквально были открыты все двери мира. неужели никто не стал заводить дело?",ALL_OR_NOTHING
"честно, у меня тревога о возвращении в универ. за каникулы я понял как же я люблю жить у родителей, и как же я ненавидел быть в универе, в шумной ночью общаге, мерзкой еде из столовой. и о учеба.. она вытянула все искры жизни из меня. но выхода нет, подскажите хоть как всё это лучше терпеть, пожалуйста..",NEUTRAL_DISTRESS
"she didn't laugh at my joke, she thinks i'm cringe.",MIND_READING
i did not touched vs code for 2 months and i already forgot everything like wtf,ALL_OR_NOTHING
"с тех пор как приехала домой constantly fighting with my dad. в казахстане всегда 2 проблемы: нет отца, есть отец",ALL_OR_NOTHING
бүгін күн жаман болып тұр.,NEUTRAL_DISTRESS
"if i can't solve this math problem, i'm too stupid for this major.",ALL_OR_NOTHING
i feel like everyone is judging my acne.,MIND_READING
"все считают, что у меня нет вкуса.",MIND_READING
бәрі мені мазақтайды.,ALL_OR_NOTHING
ешқашан ешкімге сенбеу керек.,ALL_OR_NOTHING
"he read my message and didn't reply, he must be so annoyed with me.",MIND_READING
i'm tired.,NEUTRAL_DISTRESS
"знаете, ребята. я работаю руководителем на full time job и чувствую, что по ощущениям намного старее всех своих сверстников",NEUTRAL_DISTRESS
"если я получу b-, я никогда не поступлю на магу.",ALL_OR_NOTHING
переживаю за здоровье бабушки.,NEUTRAL_DISTRESS
"мне кажется, что в нашем поколении все неженки какие-то кому-то убраться и приготовить покушать, встретить гостей, ладить с детьми, помогать своим родителям тяжело вдруг стало  вы уже взрослые люди если что, напоминаю",ALL_OR_NOTHING
"i miss my dog so much, it's hard being away from home.",NEUTRAL_DISTRESS
she assumes i'm stupid just because i'm quiet.,MIND_READING
i know they don't want me there.,MIND_READING
"я уверен, что они не хотят со мной общаться.",MIND_READING
мен шаршадым.,NEUTRAL_DISTRESS
голова раскалывается.,NEUTRAL_DISTRESS
i know i'm gonna trip on stage.,MIND_READING
"if i make one mistake, i'm a complete failure.",ALL_OR_NOTHING
я всегда буду одинок.,ALL_OR_NOTHING
у меня нет сил готовить ужин.,NEUTRAL_DISTRESS
i'm a total failure.,ALL_OR_NOTHING
"каждый раз когда батя приезжает с вахты, я стараюсь делать ему массаж чтобы он дома максимально отдыхал. и бля с каждым разом его мышцы все мягче и мягче, я понимаю возраст, но так не привычно это видеть. даже так он сильнее меня, dad strength is crazy. но все это еще раз мне напоминает что у меня мало времени и что нужно поскорее заработать, чтобы они, мои родители, наконец то вышли на пенсию и не работали",NEUTRAL_DISTRESS
"у кого-то бывает такое ощущение посредственности, что чем бы ты ни занимался ты всегда посредственен? меня уже так напрягает это, такое чувство, что я кроме учебы нигде ничего не могу достичь, даже среднего результата понимаю что странный пост, но может есть те, кто меня понимает",ALL_OR_NOTHING
"nothing good ever happens to me, i'm cursed.",ALL_OR_NOTHING
"i'm always alone wherever i go in the university, and every time, i see a pair of friends, or a big group walking together and chatting. i never see anyone else walking by themselves. is it over for me? (1st year female)",ALL_OR_NOTHING
мен ешқашан бақытты болмаймын.,ALL_OR_NOTHING
i have too much homework this week.,NEUTRAL_DISTRESS
everyone in the library is looking at me and judging how loud i type.,MIND_READING
"надеюсь  и рад за тех у кого сегодня был хороший день. за последние две недели я увидел больше негатива чем за все три года в унике. no matter what, stay human",NEUTRAL_DISTRESS
"я все понимаю, это эмоциональный момент, но не знаю, меня пугают громкие крики, особенно мужские, мб это ptsd. вчера когда я услышала (а еще учитывая, что это было ночью, когда обычно в такое время тишина), то чуть инфаркт не словила. мой случай скорее исключение, и никто не обязан такое учитывать, но все равно, было немного некомфортно :((",NEUTRAL_DISTRESS
"потерял наушники, день испорчен.",NEUTRAL_DISTRESS
"everyone in this university is smarter than me, i am the only idiot here.",ALL_OR_NOTHING
переживаю из-за отношений.,NEUTRAL_DISTRESS
"олар сыбырласып жатыр, менің киімімді мазақ қылып тұрғаны анық.",MIND_READING
"периодически у меня появляются проблемы с головой. не могу уснуть, не могу проснуться, вижу странные сны, в голове всегда заедает какая-то песня(просыпаюсь а мозг будто работал всю ночь), тревога, а еще мигрень.  what could this be?",NEUTRAL_DISTRESS
"the professor didn't smile when i handed in my paper, he probably thinks it's garbage.",MIND_READING
i'm feeling down today for no reason.,NEUTRAL_DISTRESS
everyone thinks i'm rich and spoiled.,MIND_READING
"круг общения становится все меньше и меньше, а человек с которым мне комфортно общаться не хочет общаться как мы это делали в прошлом. в последнее время чувствую боль в груди и сердце и когда друг на друга все это накладывается то чувствую себя все хуже и хуже. я уже не думаю о проблемах денег или учебы, когда наоборот они должны меня волновать а не это все. хочется общаться но нужных людей нету.",NEUTRAL_DISTRESS
"общаюсь с человеком, у которого реально начинается или прогрессирует шиза. иногда он это понимает, но большинство времени - просто страдает от того, что контролировать не в состоянии.  у него очень тяжёлое детство и семья. буквально все ужасы, которые может увидеть ребёнок + не самая нормальная генетика (в предках были люди с бедами с башкой). ещё и очень мало из-за этого общения и друзей, проблемы с учёбой и т.д.  этот человек - мой друг. не сказать, чтобы очень близкий, но к словам друг-друга прислушиваемся. я помогаю ему с учёбой, участвую в его творчестве (а он талантливый, надо сказать), а так как ещё на несколько лет старше, даю иногда советы по жизни. ну и помогаю справляться с приступами, отвечаю на звонки в два часа ночи со слезами в голосе и т.д. но это не манипуляция, нет - человек сам помогал мне, когда у меня возникали временные трудности.  просто видно, как у человека натурально едет крыша, уже клинически. из года в год и всё быстрее. но на мои просьбы что-то с этим сделать, пойти к психологу хотя бы и т.д. он отвечает отказом. мол, уже пробовал, лекарства не помогут, психологи не слушают и всякое такое. он то признаёт в себе шиза, то нет, но ничего не хочет с этим делать, хотя сам от этого страдает и часто просит помощи у меня.  я думаю о том, чтобы просто его оставить. я понимаю, что тогда он может и умереть не больше чем через полгода. просто человек сам не хочет лечиться и выбираться из всего этого, даже когда ему ужасно плохо от этого. я не раз спасал его от суицида, продолжаю держать на плаву, но боюсь, что этим только оттягиваю неизбежное...",NEUTRAL_DISTRESS
"i will never be happy, it's impossible for me.",ALL_OR_NOTHING
nobody in this world cares if i live or die.,ALL_OR_NOTHING
my life is completely over after this breakup.,ALL_OR_NOTHING
forever alone.,ALL_OR_NOTHING
"он не перезвонил, он думает, что я навязчивая.",MIND_READING
i'm sick and tired of bein' sick and tired,NEUTRAL_DISTRESS
"олар мені кедей деп ойлайды, сондықтан менімен араласпайды.",MIND_READING
мен ешқашан үйленбеймін.,ALL_OR_NOTHING
"она посмотрела на мои ботинки, она думает у меня нет вкуса.",MIND_READING
"сабақ оқуға күшім жоқ, шаршадым.",NEUTRAL_DISTRESS
"я всегда буду один, это моя судьба.",ALL_OR_NOTHING
"my crush didn't look at me today, he definitely hates me now.",MIND_READING
i got rejected from the club.,NEUTRAL_DISTRESS
я полный идиот.,ALL_OR_NOTHING
"күн суық, далаға шыққым келмейді, жылағым келеді.",NEUTRAL_DISTRESS
"всем привет! я на 3 курсе кс и я все ещё не знаю в каком направлении развиваться. мне очень страшно, потому что многие ксеры-одногодки давно работают и стажируются, а у меня всё ещё нет никакого экспириенса в ни одной сфере айти. подскажите пожалуйста в какой сфере лучше развиваться, что делать, чтобы быстрее влиться в тему и найти стажку ?",ALL_OR_NOTHING
my scholarship check is late.,NEUTRAL_DISTRESS
коллеги считают меня некомпетентным.,MIND_READING
я всегда проигрываю.,ALL_OR_NOTHING
"мұғалім менің сұрағымды елемеді, мені ақымақ деп ойлайтын шығар.",MIND_READING
he thinks i'm annoying.,MIND_READING
"вот и прошел мой первый курс в унике. за этот год не смогла по настоящему сблизиться ни с кем. не нашла лучшую подругу. все люди вокруг всего лишь максимум хорошие знакомые. перейти на новый уровень отношений для меня очень сложно, как будто все просто мимолётные знакомые и у всех свои лучшие подруги. хочу бестис как у других девушек с которыми они проводят много времени вместе и духовно тоже близки. чувствую себя очень одиноко, завтра собираюсь домой и дома тоже не очень хорошая атмосфера, как перестать чувствовать одиночество.",NEUTRAL_DISTRESS
i'm tired.,NEUTRAL_DISTRESS
"registration for classes starts at 6 am, whyyyy.",NEUTRAL_DISTRESS
"все уверены, что меня отчислят.",MIND_READING
я всегда выбираю неправильный путь.,ALL_OR_NOTHING
he definitely thinks i'm stupid.,MIND_READING
мне кажется или никто из стаффа в юмс работать не хочет?,MIND_READING
i'm feeling pretty anxious about the presentation.,NEUTRAL_DISTRESS
"в последнее время вообще не могу ничего слушать, ни музыку, ни подкасты. раньше когда убирался дома, мыл посуду постоянно слушал что-то на ютубе или музыку. но щас будто интерес ко всему пропал и я больше ухожу в свои мысли. who can explain this?",NEUTRAL_DISTRESS
я полное разочарование для своей семьи.,ALL_OR_NOTHING
i ruined everything with one text message.,ALL_OR_NOTHING
устала бороться.,NEUTRAL_DISTRESS
my entire future depends on this one grade.,ALL_OR_NOTHING
my life is ruined.,ALL_OR_NOTHING
я в ахуе бектел уходит???? чзхххххх я в шоке…. с каких пор и куда :((((( пиздец я буду реветь ….,NEUTRAL_DISTRESS
"күнде бір нәрсе, шаршадым осы күйбең тірліктен.",NEUTRAL_DISTRESS
i am struggling with calculus.,NEUTRAL_DISTRESS
что делать если я почти все свое время трачу на учебу и всё равно не успеваю во всем хотя это всего лишь первый год?....,NEUTRAL_DISTRESS
i’m a total burden to my family.,ALL_OR_NOTHING
i bet they have a separate group chat without me.,MIND_READING
"шаршадым, ұйықтағым келеді.",NEUTRAL_DISTRESS
ол мені ұсқынсыз деп ойлайды.,MIND_READING
менің өмірімде ешқашан жақсылық болмайды.,ALL_OR_NOTHING
"так грустно, что каникулы закончились.",NEUTRAL_DISTRESS
i'm just so tired of pretending everything is fine.,NEUTRAL_DISTRESS
i will never be good enough for my parents.,ALL_OR_NOTHING
feeling homesick.,NEUTRAL_DISTRESS
мұғалім мені құлатады деп ойлаймын.,MIND_READING
"я хочу молотком вьебать себе в голову несколько раз, я заебалась уже от себя, своих эмоций, от своих чувств, от своих мыслей, я пиздец устала  _____________  please, contact this address for help:  health and wellness center (to find a psychologist) through telegram: @hwc_duty_consultant  telegram phone: +7(775)759-38-44  working hours: 8:30-17:30  monday to friday (except for public holidays)  lunch break: 12:30-13:30",NEUTRAL_DISTRESS
she thinks i'm not smart enough for this major.,MIND_READING
"они думают, что я богатенький сынок, и ненавидят меня.",MIND_READING
it’s all my fault.,ALL_OR_NOTHING
i’m frustrated with this group project.,NEUTRAL_DISTRESS
никто никогда не захочет со мной встречаться.,ALL_OR_NOTHING
"i remember someone said that, your self esteem is low if you fall for someone who show tiny attention to you. fr, i always felt for someone who just talked with me and nothing else :(",NEUTRAL_DISTRESS
"i'm feeling really homesick today, i want to go back.",NEUTRAL_DISTRESS
everyone else is having the time of their lives while i rot in the library.,ALL_OR_NOTHING
"не могу найти свои ключи, я такой рассеянный.",NEUTRAL_DISTRESS
"проспал пару, теперь придется отрабатывать.",NEUTRAL_DISTRESS
"я не могу смириться с тем что моя сестренка взрослеет. она мне всегда кажется такой маленькой и миленькой. я понимаю что это мои проблемы, но когда вижу что она уже мыслит и действует как подросток, у меня чуть чуть болит сердце потому что понимаю что она уже не моя бопешка.",NEUTRAL_DISTRESS
"он не ответил на мой звонок, он меня игнорирует.",MIND_READING
"все вокруг такие успешные, а я просто занимаю чье-то место.",ALL_OR_NOTHING
i am the worst student in the history of this department.,ALL_OR_NOTHING
"грустно, что лето закончилось и опять эта рутина.",NEUTRAL_DISTRESS
"если я не найду работу этим летом, то я полный неудачник.",ALL_OR_NOTHING
"i'm not even procrastinating anymore, i'm literally doing nothing",ALL_OR_NOTHING
я всегда выбираю неправильные решения.,ALL_OR_NOTHING
i assume everyone knows my secrets.,MIND_READING
i'm struggling with mental health.,NEUTRAL_DISTRESS
я полное разочарование.,ALL_OR_NOTHING
мен үйге қайтқым келеді.,NEUTRAL_DISTRESS
олар мені сыйламайды деп ойлаймын.,MIND_READING
"he read my message and didn't reply, he's definitely ghosting me.",MIND_READING
i will never succeed.,ALL_OR_NOTHING
интернет істемей тұр.,NEUTRAL_DISTRESS
"они думают, что я высокомерный.",MIND_READING
олар мені жалқау деп ойлайды.,MIND_READING
"опять этот чертов автобус опаздывает, я замерз как собака.",NEUTRAL_DISTRESS
"если я пойду туда, то точно опозорюсь.",MIND_READING
болит спина от этих неудобных стульев.,NEUTRAL_DISTRESS
мен ешкімге керек емеспін.,ALL_OR_NOTHING
"что делать, если я абсолютно ничего не желаю делать? все мои хобби перестали вдруг приносить счастья. бесконечное отвращение к какой-либо учебе или работе. сесть начать что-либо делать невозможно. хочется просто все бросить.  что можно сделать, чтобы избавиться от такого ощущения? как заставить начать себя что-либо делать?",NEUTRAL_DISTRESS
"i'm so behind on my assignments, i don't know where to start.",NEUTRAL_DISTRESS
жизнь — это сплошное страдание и больше ничего.,ALL_OR_NOTHING
i'm so overwhelmed.,NEUTRAL_DISTRESS
"почему со мной всегда гении в команде? делали лабку, и надо же одному особо одаренному додуматься с гпт скопировать и не перефразировать нормально, в итоге 0 ожидаемо, как бы мискондакт не взять. ненавижу групповые проекты.",ALL_OR_NOTHING
"the whole class went silent when i walked in, they were talking about me.",MIND_READING
no one will ever love me because i am unlovable.,ALL_OR_NOTHING
they are judging my accent.,MIND_READING
"ima such a failure i hate myself, every time when something good happens life strikes me with terrible problems. i know i’m not unique and most of you feel the same way. i just wanted to vent sorry for wasting your time",ALL_OR_NOTHING
мен ешқашан ағылшынша еркін сөйлей алмаймын.,ALL_OR_NOTHING
he thinks i'm lazy because i took a break.,MIND_READING
просто хочу спать и не просыпаться.,NEUTRAL_DISTRESS
"my sleep schedule is so messed up, i fell asleep at 6 am and woke up at 2 pm.",NEUTRAL_DISTRESS
"привет всем! хочу предупредить, что этот пост может быть травматичным для кого-то из читающих, поскольку он о потери родителя.   кто-нибудь из студентов терял родителя во время учебы в универе? я не знаю, почему я акцентирую на этом внимание, но хотелось бы понять, что я такой человек не один, а значит, смогу справиться.   кто проходил через это? как вы справлялись? возможно ли вообще, что когда-нибудь станет легче?   спасибо!  сил и терпения❤️",NEUTRAL_DISTRESS
все считают меня выскочкой.,MIND_READING
бәрі сынайды.,MIND_READING
"сосед по комнате опять слушает музыку без наушников, меня это так бесит.",NEUTRAL_DISTRESS
"they are looking at my shoes, they think i'm poor.",MIND_READING
burnout is hitting hard.,NEUTRAL_DISTRESS
подруга после начала конфликта в секторе газа начала постоянно говорить что нужно убивать всех евреев. ее много кто поддерживает из девушек. и она даже кинула мне твит где было написано 'теперь ясно почему гитлер истреблял евреев'. я еврейка но никому об этом не говорила. что мне делать? я боюсь ходить по кампусу и выходить в город. мне страшно,NEUTRAL_DISTRESS
"бүгін өте шаршадым, ештеңе істегім келмейді.",NEUTRAL_DISTRESS
хочется просто лежать и смотреть в потолок.,NEUTRAL_DISTRESS
"почему в библиотеке всегда всем похуй что кто-то шумит? часто я всегда первым иду и говорю чтобы были потише, хотя люди без наушников сидят ближе к шуму и читают/печатают на игноре",ALL_OR_NOTHING
feeling burnout is real.,NEUTRAL_DISTRESS
i am always the second choice for everyone.,ALL_OR_NOTHING
"если я не сдам этот тест, моя жизнь кончена.",ALL_OR_NOTHING
"забыл дома зарядку от телефона, теперь весь день без связи.",NEUTRAL_DISTRESS
"my parents will kill me if i get a b, i have to be perfect.",ALL_OR_NOTHING
они смеются надо мной.,MIND_READING
"не знаю, как закрыть долги по учебе.",NEUTRAL_DISTRESS
i’m never gonna get a job with this gpa.,ALL_OR_NOTHING
i hate having 8 am classes.,NEUTRAL_DISTRESS
my parents will never be proud of me.,ALL_OR_NOTHING
мне кажется будто всем математикам угрожают что нужно отрастить страшную карешку чтобы выпуститься с уника,MIND_READING
everyone is waiting for me to make a mistake.,MIND_READING
менің басым ауырып тұр.,NEUTRAL_DISTRESS
"i started retinol about two weeks ago (2 times a week) and the purge phase is absolutely killing me. i know that it causes breaking out at first, but my skin looks so bad i want to cry  does anybody use it here? i want to know about your experience with breaking out and how long it took you for it to go away",NEUTRAL_DISTRESS
плакала всю ночь из-за парня.,NEUTRAL_DISTRESS
"если я не сдам этот проект, меня точно отчислят, и жизнь кончена.",ALL_OR_NOTHING
nobody likes me.,ALL_OR_NOTHING
"адвайзер наверняка думает, что я идиот, раз задаю такие вопросы.",MIND_READING
я всегда буду бедным.,ALL_OR_NOTHING
she thinks i'm ugly.,MIND_READING
every single person i meet is better than me.,ALL_OR_NOTHING
it’s raining and i forgot my umbrella.,NEUTRAL_DISTRESS
"я знаю, что они смеются надо мной.",MIND_READING
nobody understands what i'm going through.,ALL_OR_NOTHING
"я осуждаю поступок человека, создавший facemash. я так же понимаю, что facemash ударил по психике очень многих девушек, и им было очень плохо. однако, за такой проступок вы ему хотите испортить жизнь. он еще молодой, максимум 24 года. пока что глупый, наверное подумал, что это будет смешно. я считаю, что его надо наказать, но не так грубо как хотят девушки, это слишком жестко для такого. в такие случаи надо принимать решения с холодной головой, отсеяв все эмоции. сразу же предвижу комментарии по типу: 'мужик защищает мужика' - мне глубоко плевать какого он пола, нельзя рушить жизнь человека из за такого объективно безобидного проступка. 'ты просто не понимаешь что ощутили девушки' - да, я конечно же не понимаю, я не девушка, но объективно ситуацию оценить могу.",MIND_READING
"она так посмотрела, она точно знает мой секрет.",MIND_READING
"что-то на меня жесткая грусть напала, я так не хочу покидать это место. провела в этом социуме пять лет своей жизни, онлайн забрал целых полтора года и от этого будто еще сильнее не верится, что скоро конец. предпоследний семестр пролетел незаметно, и я кажется только-только прониклась полноценной студенческой жизнью, а уже через полгода у меня это заберут. всегда есть вариант остаться здесь на магу (если примут, лол), но это выглядит как стагнация. понимаю, что нужно двигаться дальше, но не могу ничего поделать с чувством того, что покидаю действительно родное место. короче, младшие ребята, цените это прекрасное время и наш уник со всеми его плюсами и минусами, вы скорее всего будете очень скучать <3",NEUTRAL_DISTRESS
i just want to curl up in a ball and disappear for a while.,NEUTRAL_DISTRESS
he thinks i'm annoying.,MIND_READING
нет настроения ни с кем говорить.,NEUTRAL_DISTRESS
i'm not feeling motivated today.,NEUTRAL_DISTRESS
"i'm so exhausted, i feel like i could sleep for days.",NEUTRAL_DISTRESS
they probably hate me.,MIND_READING
i'm so overwhelmed with everything right now.,NEUTRAL_DISTRESS
"если я не сдам этот финал, то вся моя жизнь пойдет под откос.",ALL_OR_NOTHING
"если в магазе со мной не поздароваилсь в ответ, но первыми поздаровались буквально со всеми до меня в очереди и после меня, я что особенный? или меня запомнили в плохом свете",MIND_READING
"друзья не позвали меня гулять, наверное, хотят от меня избавиться.",MIND_READING
"ол мені жалқау деп ойлайды, өйткені мен кешігіп қалдым.",MIND_READING
мен әрқашан жалғыз қаламын.,ALL_OR_NOTHING
somehow everyone at uni is smarter than me except for the 3 people in my group project,ALL_OR_NOTHING
бәрі бітті.,ALL_OR_NOTHING
мен бақытсызбын.,ALL_OR_NOTHING
"бүгін өте ауыр күн болды, ешкіммен сөйлескім келмейді.",NEUTRAL_DISTRESS
"олар мені аңдып жүрген сияқты, маған күледі.",MIND_READING
i'm really hungry.,NEUTRAL_DISTRESS
"она думает, что я сталкер.",MIND_READING
"i don't know what is my problem. i know that i am beautiful, but i don't feel it. sometimes i catch myself staring at my own picture and dreaming 'oh, i wish i was her' but then i realise that i am that person. i have some disconnection with my appearance, i feel like i have  this problem because i use makeup, but all my friends say that makeup literally doesn't change anything about me??? i really love myself, but when it comes to my body, i feel like it's not mine, is it something psychological or smth?? maybe someone will understand me.",NEUTRAL_DISTRESS
нафига я выбрала кс. уже ничего не понимаю,ALL_OR_NOTHING
живот болит от нервов.,NEUTRAL_DISTRESS
"они думают, что я странный, потому что я сижу один.",MIND_READING
they hate me.,MIND_READING
i'm exhausted from working night shifts.,NEUTRAL_DISTRESS
"бессонница > начинаю пить транквилизатор > начинаю спать, but have nightmares that keep waking me up > feeling tired all day because having nightmares is same as having to solve puzzles in your sleep   и при всем этом, горжусь собой за то, что держусь достойно",NEUTRAL_DISTRESS
"кажется, все видят, как у меня трясутся руки.",MIND_READING
tired.,NEUTRAL_DISTRESS
очень холодно в комнате.,NEUTRAL_DISTRESS
"she looked at my shoes, she definitely thinks i'm poor.",MIND_READING
"устала притворяться что у меня все норм, хочется просто орать.",NEUTRAL_DISTRESS
"хватит смотреть на экран моего ноута, чел, который живет со мной. пожалуйста, перестань. почему тебе нужно всегда знать чем я занят?! надеюсь ты прочтешь это.  (на экране текстбук просто, но все равно неприятно, когда мониторят все что делаешь и следят за каждым шагом)",MIND_READING
nobody respects me.,ALL_OR_NOTHING
они точно обсуждают меня за спиной.,MIND_READING
they think i don't belong here.,MIND_READING
"the barista was rude, i probably look ugly today.",MIND_READING
i never win anything.,ALL_OR_NOTHING
они точно не возьмут меня на работу.,MIND_READING
there is absolutely no point in trying anymore.,ALL_OR_NOTHING
я никогда не стану профессионалом.,ALL_OR_NOTHING
"люди думают, что я порядочный и хороший  но они не знают, что на кассе я говорю, что моя еда весит на 10г меньше чем на самом деле????????",MIND_READING
грустно смотреть на старые фотки.,NEUTRAL_DISTRESS
"я так люблю котов и ненавижу собак. я могу покормить кота на улице, ведь я ношу пачку вискаса всегда со мной. и я терпеть не могу людей кормящих бездомных собак. вы можете подумать что у меня двойные стандарты, но нет, мы разные. коты не нападают на людей, не загрызают детей на улицах. я не могу понять, почему люди в нашей стране так бездумно заводят собак, бросают их, и яростно защищают от любых мер борьбы с бездомными собаками. обьясните!",MIND_READING
"у меня вообще нет талантов, я бездарность.",ALL_OR_NOTHING
еда в столовой была холодной.,NEUTRAL_DISTRESS
"мұғалім менің жауабыма күлді, мені мазақ қылып тұр.",MIND_READING
"если я опоздаю на минуту, препод меня убьет.",ALL_OR_NOTHING
i feel like i'm coming down with a cold.,NEUTRAL_DISTRESS
"забыл про квиз, обидно.",NEUTRAL_DISTRESS
everything is ruined.,ALL_OR_NOTHING
she smiled out of pity.,MIND_READING
"легче иметь несерьезное общение или деловые отношения, ато никому не хочется рассказывать свои “супер скучные” интересы или свои чувства длиной как целая повесть (а у меня не так, они супер простые), так как интересны они только мне, и мне лично не хочется делится всем этим. мне пофиг на чьи-то интересы, вот и справедливо что я не рассказываю никому о себе.",MIND_READING
i will never be successful.,ALL_OR_NOTHING
"30 часов в кс, чувствую себя маленьким ребенком который ничего не умеет. не стрелять, не думать. противники меня прочитали как книга, любое движение и  сразу хед. на а выйти это пздц, как камикадзе.",ALL_OR_NOTHING
"знаете, я как камень. нет, не в том смысле что я твердый и нерушимый, хотя и это есть - я просто как камень. все вокруг суетятся, бегают как белки в колесе, боятся чего то упустить, быть хуже других. а я - камень. мне все равно. что бы люди не делали, и я, и они будем в будущем. да, возможно у них там будет что то что они хотели, будут чувствовать себя хорошо. но знаете что? я как камень - мне ни плохо, ни хорошо. что бы там не было, я тоже буду существовать. но я как камень - ни тепло, ни холодно. просто как камень. эти люди могут в процессе упасть, потерять себя в пучине отчаяния. ну а я как камень - всегда буду как всегда. как камень.",NEUTRAL_DISTRESS
the professor talks too fast.,NEUTRAL_DISTRESS
i miss my hometown.,NEUTRAL_DISTRESS
"i see ai is everywhere … replacing many people in this and that what is even worth studying and how to find a job in the future? so anxious",NEUTRAL_DISTRESS
you know occasionally i think that it is easier to die than to get the necessary courses registered. such pressure seems insurmountable. i feel defeated.,NEUTRAL_DISTRESS
i just want to cry in my room all day.,NEUTRAL_DISTRESS
олар мені ақымақ деп санайды.,MIND_READING
everyone ignores me.,ALL_OR_NOTHING
"все уверены, что я не сдам этот экзамен.",MIND_READING
feeling homesick and sad.,NEUTRAL_DISTRESS
"меня трясет перед этим выступлением, я не готов.",NEUTRAL_DISTRESS
я всегда все порчу.,ALL_OR_NOTHING
"он не улыбнулся при встрече, он точно злится на меня.",MIND_READING
"работодатель подумает, что я вру в резюме.",MIND_READING
"i failed the interview, i'm destined to be unemployed forever.",ALL_OR_NOTHING
he thinks he is better than me.,MIND_READING
it’s hopeless.,ALL_OR_NOTHING
everything is ruined because i overslept.,ALL_OR_NOTHING
he thinks i'm desperate for attention.,MIND_READING
а адвайзеру будут злится если я буду назначать встречи не по совсем важным вопросам?,MIND_READING
i'm sad.,NEUTRAL_DISTRESS
i feel anxious about the future.,NEUTRAL_DISTRESS
i'm feeling a bit down lately.,NEUTRAL_DISTRESS
"hr didn't smile, i definitely failed the interview.",MIND_READING
"автобус тым толы болды, әрең сыйдым, енді терлеп тұрмын.",NEUTRAL_DISTRESS
"кітапханада орын жоқ, қайда барып оқитынымды білмеймін.",NEUTRAL_DISTRESS
"2 курс: мне страшно подумать что будет после универа. армия, мага, быть бомжом, мак.",NEUTRAL_DISTRESS
it’s totally hopeless.,ALL_OR_NOTHING
ол мені өтірікші деп санайды.,MIND_READING
"никто не верит, что я справлюсь.",MIND_READING
сложно найти нормальную еду в кампусе.,NEUTRAL_DISTRESS
"жаль что многие не поднимают эту тему. но в казахстане лгбт сообществу сложно жить. я не знаю чего плохого вы в нас нашли? неужели сложно просто забить на наше существование и не преследовать каждого? я не виноват что я гей. я долго молчал но после того как меня и моего парня побили. я хочу кричать чтобы услыхали все.  твой н",NEUTRAL_DISTRESS
мен қатты қобалжып тұрмын.,NEUTRAL_DISTRESS
i have social battery at 0%.,NEUTRAL_DISTRESS
"все думают, что я поступил по блату.",MIND_READING
"люди с розацеа, как вы ухаживаете за своим лицом? до ухода у меня было идеальное лицо, щеки иногда краснели из-за духоты. сейчас же они красные постоянно, то в большой, то в меньшей степени. я уже не знаю что делать.  уход за лицом был разным, не помогает, как будто только хуже делаю. и я не знаю это из-за неправильно подобранного ухода или просто так совпало, что когда активно начала ухаживать появилась краснота.",NEUTRAL_DISTRESS
"i am cooked in everything except academia.  damn, that's so hard",ALL_OR_NOTHING
i wish i had studied more for that test.,NEUTRAL_DISTRESS
my head hurts from stress.,NEUTRAL_DISTRESS
"никогда не пойду за парнем. я не поеду за ним исполнять его мечту. я не буду дополнением и развлечением когда он будет работать. я тоже хочу трудиться и добиваться своих целей. либо совместный  выбор, либо ищи себе другую куклу",ALL_OR_NOTHING
они точно смеются над моей прической.,MIND_READING
"if i ask for help, they will think i'm weak.",MIND_READING
my skin is breaking out from stress.,NEUTRAL_DISTRESS
"это может прозвучать странно, но мысли о смерти и потенциальном суициде делают меня смелее. это типа живи так как если сегодня это твой последний день. кажется эта мысль уже звучала под одним из постов. я часто думаю что я совершил много ошибок и я бесполезен, но мысль о потенциальном суициде придает мне уверенности. зачем если можно делать полную дичь? можно пробовать делать то что ты боялся, жизнь и так конечна.",ALL_OR_NOTHING
я никогда не буду счастлив в отношениях.,ALL_OR_NOTHING
i'm stressed about money.,NEUTRAL_DISTRESS
i failed one quiz and now my gpa is ruined forever.,ALL_OR_NOTHING
никто меня не любит.,ALL_OR_NOTHING
did i work my ass off to get to this uni just to feel constantly unmotivated once the studies actually start,NEUTRAL_DISTRESS
i am completely incapable of being loved.,ALL_OR_NOTHING
"the wifi in the dorm is so slow, i can't study.",NEUTRAL_DISTRESS
"мен ешқашан ата-анамның үмітін ақтай алмаймын, мен масқарамын.",ALL_OR_NOTHING
все считают меня высокомерным.,MIND_READING
i have 3 deadlines tomorrow and i haven't started any of them.,NEUTRAL_DISTRESS
"my roommate is quiet, he must be mad at me.",MIND_READING
все в автобусе смотрят на меня осуждающе.,MIND_READING
я нащупала свой копчик и обнаружила что оно находится не по центру а немножко слева. и у меня теперь капец какая тревожность у меня что блин сколиоз или блин я не знаю мне страшно,NEUTRAL_DISTRESS
"нормально то что я боюсь просить денег у папы? мне стыдно каждый раз и только чтобы не умереть с голоду я решаюсь в очередной раз просить у него денег и потом больно, от того что я сижу на шее родителей. мне даже 18 нет чтобы параллельно с учебой работать, даже если бы взяли, академическая успеваемость упала бы. обещаю что это будет в последний раз когда я чувствую себя так низко и ничтожно, просто решил вывалить накопившийся гнев на себя, спасибо тому кто создал va",NEUTRAL_DISTRESS
i ruin everything i touch.,ALL_OR_NOTHING
"олар мені топқа қосқысы келмейді, мені ақылсыз деп ойлайды.",MIND_READING
i feel invisible sometimes.,NEUTRAL_DISTRESS
"они думают, что я странный, потому что я не пью.",MIND_READING
ақшам таусылып қалды.,NEUTRAL_DISTRESS
"ол мені ұсқынсыз деп ойлайды, сондықтан қарамайды.",MIND_READING
никто мне не поможет.,ALL_OR_NOTHING
"everyone hates me, i can feel it.",ALL_OR_NOTHING
чувствую себя одиноко в последнее время.,NEUTRAL_DISTRESS
"“how normal again stop now”   after i watched nexpos video i understood that his video is best anti-dr*g ads, because never before i felt so haunted and scared where i was fully convinced i never want to be in same building with any type of dr*g.",NEUTRAL_DISTRESS
my back hurts from sitting in the library all day.,NEUTRAL_DISTRESS
она меня ненавидит.,MIND_READING
"парень не перезвонил, он точно хочет расстаться.",MIND_READING
i have zero motivation to study for this quiz.,NEUTRAL_DISTRESS
i'll be alone forever.,ALL_OR_NOTHING
я устал уже от этого рисерч проджекта про crispr.я такой даун что выбрал это.это даже не понадобится мне в будущем так как я иду в кс.блять я заебался,ALL_OR_NOTHING
"они думают, что я высокомерный, а я просто стесняюсь.",MIND_READING
"if i don't lose weight, i'm disgusting.",ALL_OR_NOTHING
i always mess up every single relationship i have.,ALL_OR_NOTHING
i am so tired of falling behind in all of my classes and i cant even study properly,NEUTRAL_DISTRESS
"ақша жетпей жатыр, не істерімді білмеймін.",NEUTRAL_DISTRESS
все против меня.,MIND_READING
"98 69 91  есть шансы на проход или уже все?????  если нет шансов, то я порежу себе вены сегодня.",ALL_OR_NOTHING
"олар мені шақырғысы келмеді, жай ғана аяғаннан шақырды.",MIND_READING
"никто так не заботится обо мне так, как заботилась мама, тем более я сама",ALL_OR_NOTHING
everyone in this dorm has friends except me.,ALL_OR_NOTHING
никто меня не слышит.,ALL_OR_NOTHING
i'm really stressed about money rn.,NEUTRAL_DISTRESS
"меня бесят мои лабмейты. уже пошла вторая неделя лабок, на первой лабке они сделали ничего. наш чат для лабок выглядит так, будто у меня шизофрения и я общаюсь с собой. у кого была такая же ситуация, что можно сделать? я конечно не хочу грубить им, но я уже держусь на волоске",ALL_OR_NOTHING
"не люблю, когда меня игнорируют.",NEUTRAL_DISTRESS
"я отлично закрыл прошлый и этот семестр. ради этого я усердно учился все время, вроде получал удовольствие и от процесса тоже. когда я получаю оценки, я радуюсь максимум 5 минут, и все. так грустно становится от этого. это вроде то, ради чего я пахал все это время, но радости супер много оно мне не приносит. после этого все старания кажутся напрасными, как-будто в пустоту",NEUTRAL_DISTRESS
мені ешкім сыйламайды.,ALL_OR_NOTHING
"мне иногда кажется, что если бы я была здоровой я бы была суперменом и разъебала все. это меня просто понерфили (моя мантра чтобы не расстраиваться сильно что на таблетках сижу, а они не помогают)",NEUTRAL_DISTRESS
i feel like everyone is watching me eat.,MIND_READING
"препод думает, что я списал, я вижу это по его лицу.",MIND_READING
охранник смотрит на меня как на вора.,MIND_READING
he thinks i'm too loud.,MIND_READING
i'm worried about the future.,NEUTRAL_DISTRESS
he hates me.,MIND_READING
"я собираюсь умирать…  не знаю как обьяснить, но мне очень плохо, поссорился с девушкой, с родителями, дрезья кинули, с учебой все плохо, хочу очень многое сделать в жизни, но одновременно я не хочется, понимаю что я ужастный, наверное дцмаете что я жалкий, но так и есть, для меня выход только один(   не будьте как я",ALL_OR_NOTHING
i just want to sleep for a week and not talk to anyone.,NEUTRAL_DISTRESS
"только у меня бывает такое, что в голове появляются стыдные мысли, а потом оборачиваешься вокруг и думаешь,'надеюсь никто не умеет читать мысли' ?",MIND_READING
"что делать если когда сижу долго за учебой просыпается тревожность? не могу сидеть долго, только может быть несколько часов и все, максимум, эта хрень мешает мне сконцентрироваться",NEUTRAL_DISTRESS
i never do anything right.,ALL_OR_NOTHING
people judge me for smoking.,MIND_READING
я ничтожество.,ALL_OR_NOTHING
почему так дорого стоит такси?,NEUTRAL_DISTRESS
i know they are judging my music taste.,MIND_READING
она точно обсуждает меня с бывшим.,MIND_READING
мен ешқашан жұмыс таба алмаймын.,ALL_OR_NOTHING
"the interviewer looked bored, i definitely didn't get the job.",MIND_READING
nobody understands my pain.,ALL_OR_NOTHING
я всегда все порчу в самый ответственный момент.,ALL_OR_NOTHING
я абсолютно ничего не добился к 20 годам.,ALL_OR_NOTHING
i am total trash at valorant and at life.,ALL_OR_NOTHING
"цены в столовке подняли, жесть.",NEUTRAL_DISTRESS
everyone hates me.,ALL_OR_NOTHING
"она сказала 'нормально', значит она считает мою работу ужасной.",MIND_READING
мен ешқашан арықтамаймын.,ALL_OR_NOTHING
i just know she's going to break up with me.,MIND_READING
он считает меня тупым.,MIND_READING
вся моя жизнь — это одна сплошная ошибка.,ALL_OR_NOTHING
i'm so stressed i think i'm gonna throw up.,NEUTRAL_DISTRESS
"все думают, что у меня нет личной жизни.",MIND_READING
nothing makes sense anymore.,ALL_OR_NOTHING
my laptop is overheating again.,NEUTRAL_DISTRESS
i’m completely done with people.,ALL_OR_NOTHING
все смеются надо мной.,ALL_OR_NOTHING
болит спина от сидения за компьютером.,NEUTRAL_DISTRESS
"если я сейчас съем это печенье, я жирная свинья.",ALL_OR_NOTHING
"ауа райы бұзылып тұр, далаға шыққым келмейді.",NEUTRAL_DISTRESS
мен жалғызсырап жүрмін.,NEUTRAL_DISTRESS
все всегда меня бросают.,ALL_OR_NOTHING
сабақтан қалдым.,NEUTRAL_DISTRESS
все против меня.,ALL_OR_NOTHING
everyone thinks i'm a try-hard because i answer questions.,MIND_READING
"обидно, что меня не взяли на стажировку.",NEUTRAL_DISTRESS
ол мені ақшасыз деп ойлайды.,MIND_READING
я ничтожество.,ALL_OR_NOTHING
я сегодня очень устал.,NEUTRAL_DISTRESS
i wish i had more free time.,NEUTRAL_DISTRESS
"олар мені ақымақ деп ойлайды, өйткені мен үндемедім.",MIND_READING
i dislike my major but it's too late to switch.,NEUTRAL_DISTRESS
no one cares about me.,ALL_OR_NOTHING
"мне морально больно. со мной мало кто хочет общаться just cause i got a bad reputation.  это все ложные слухи, с которыми я не боролся и игнорировал целый год, думая что все пройдет. никак нет, для всех это стало чистой правдой и опровергать уже поздно. а мне очень неприятно от предвзятого отношения. даже незнакомцы, которых я знать не знаю и с которыми даже нет общих знакомых меня оскорбляют. что делать?",MIND_READING
"очень хочется спать, но нужно закончить работу.",NEUTRAL_DISTRESS
this lecture is boring.,NEUTRAL_DISTRESS
"она не лайкнула фотку, я ей разонравился.",MIND_READING
"достарыммен ұрысып қалдым, өзімді жаман сезінемін.",NEUTRAL_DISTRESS
"my lab partner hasn't replied to my message in an hour, they definitely think i'm annoying and want to switch partners.",MIND_READING
"они переглянулись, когда я зашел, они точно говорили обо мне гадости.",MIND_READING
мне грустно из-за плохой погоды.,NEUTRAL_DISTRESS
"по поводу языка. я тоже выросла в русскоговорящей семье, в школе всегда была проблема с программой казахского, мы почти никуда не двигались, и отношение учителей к тебе за незнание еще сильнее отбивало это желание у многих. я лично очень люблю и уважаю свою культуру, но почему-то выучить казахский на продвинутом уровне (сейчас у меня средний+-) мне препятствует отсутствие хороших качественных материалов. платные курсы в основном идеально доводят людей до базового уровня, для тех кто и слова на казахском не промолвил до этого. в общении мне тоже бывает тяжко. мне если честно, обидно от осуждения со стороны людей, которые выросли в семье и среде, в которой все говорят на казахском и шеймят других, кто старается, но не всегда хорошо получается. возможно этот экспририенс для вас был бы другим. очень жаль, что в нашей стране не берутся за продвижение доступных материалов по изучению языка, не открывают больше возможностей для курсов. и если они даже есть, то в сравнении с английским, они и рядом не стоят",NEUTRAL_DISTRESS
my laptop broke and i can't afford to fix it.,NEUTRAL_DISTRESS
i'm so stressed out about money.,NEUTRAL_DISTRESS
"я никогда не смогу выучить этот язык, у меня просто нет способностей, я безнадежен.",ALL_OR_NOTHING
my roommate left dishes in the sink again.,NEUTRAL_DISTRESS
олар мені қызықсыз деп ойлайды.,MIND_READING
меня никто не понимает.,ALL_OR_NOTHING
this is the worst day of my life.,ALL_OR_NOTHING
i'm so overwhelmed with all the work i have to do.,NEUTRAL_DISTRESS
"как же меня бесит этот групповой проект, никто ничего не делает.",NEUTRAL_DISTRESS
"он прошел мимо и не поздоровался, он меня презирает.",MIND_READING
я безнадежен.,ALL_OR_NOTHING
"i totally bombed that presentation, everyone thinks i'm an idiot.",ALL_OR_NOTHING
"he's typing for so long, he's writing a breakup text.",MIND_READING
"я устала слышать, что я доска. мой bf постоянно говорит мне накачать зад и есть капусту для груди. мне жутко стыдно за свою худобу, а gain weight очень сложно. иногда на улице люди комментируют мою худобу и реагируют они плохо. я хочу быть стройной и красивой, а не все это..",NEUTRAL_DISTRESS
очень устал от учебы и работы.,NEUTRAL_DISTRESS
i slept through my alarm this morning.,NEUTRAL_DISTRESS
"она не поздоровалась, она на меня злится.",MIND_READING
i will never be able to afford a normal life.,ALL_OR_NOTHING
мне плохо.,NEUTRAL_DISTRESS
i have a headache that won't go away.,NEUTRAL_DISTRESS
i always ruin everything good in my life.,ALL_OR_NOTHING
"студенты работающие на удаленке, сколько вы зарабатываете? я получаю около 550, но все равно будто мало, ощущение, что вечно отстаю от своих сверстников, не знаю как с этим справляться. поэтому работаю на износ, пытаясь заработать больше.",ALL_OR_NOTHING
"я рад что нихуя не понял иммануил канта, чё то написал про априори и все дальше чёт сидел думал ничего не понял, короче я такой же тупой человек, такой как все",ALL_OR_NOTHING
бәрі бітті.,ALL_OR_NOTHING
"пиздец, у меня воображение умерло. раньше имел довольно развитое воображение: говорят представить пейзаж, я представляю пейзаж, горы там, холмы, леса, оттенки, то как свет отражается от заснеженных вершин. сейчас мне 20 и вдруг пришло осознание что я не могу так, если надо предоставить вещь, то нет никакой картинки, просто концепция в голове вот и все. я не знаю когда это началось потому что полагал что это просто функция мозга сама собой существующая. кажется мой мозг уже стареет.",ALL_OR_NOTHING
"они не пригласили меня, они меня ненавидят.",MIND_READING
"не знаю что делать, помогите. у меня есть кот который со мной уже 15 лет. и вот сейчас я женюсь а у жены аллергия. всех родственников обзвонил никто не захотел брать старую кошку, да в принципе не хотели брать. на олх поставил там тоже глухо. единственное что приходит на ум это усыпление, на улицу отпустить не могу, никогда там не жил вдруг попадутся псы и в мучениях может умереть",NEUTRAL_DISTRESS
the barista definitely judged my order.,MIND_READING
"я никогда не встречал адекватных русскоязычных юзеров в 'дикой среде' телеги. 75% из них это русские типажа '4yp0k_h4_w4mпyp', остальные 25% украинцы и балты с никами 'пbltkи haд pycheи'",ALL_OR_NOTHING
i don't know how to solve this problem.,NEUTRAL_DISTRESS
i got a c on the calc quiz.,NEUTRAL_DISTRESS
"ешқашан ешкім мені шын сүймейді, мен мәңгі жалғыз өтемін.",ALL_OR_NOTHING
i have a headache from staring at the screen all day.,NEUTRAL_DISTRESS
i’m total trash.,ALL_OR_NOTHING
"he keeps looking at his phone, he wishes he was somewhere else.",MIND_READING
"she didn't say hi, she definitely holds a grudge.",MIND_READING
i have absolutely zero talent for coding.,ALL_OR_NOTHING
"я знаю, что она мне откажет.",MIND_READING
"вас не бесит стереотип, что есть макароны - дешево и бедно? тип когда ты ешь макароны в качестве гарнира, странно на тебя смотрят (будь то друзья). откуда я родом, говорят по сути рожки а не макароны, и здесь всее так не хотят говорить рожки при других. не знаю, мб у меня шиза. лично я оч люблю рожки (макароны), и думаю они андеррейтед",MIND_READING
"sleeping two hours a day, having frequeny headaches and nose bleeding, eating once in a two days, am i going to die?",NEUTRAL_DISTRESS
it's hard to balance work and study.,NEUTRAL_DISTRESS
"никто меня не понимает, я абсолютно один в этом мире.",ALL_OR_NOTHING
everyone is laughing at my outfit.,MIND_READING
i know they are secretly making fun of me.,MIND_READING
все кто учатся на полит сайенс хорошо помнят историю? мне так стыдно учиться на этом мэйджоре и не помнить многие вещи из курса истории…,ALL_OR_NOTHING
"менің болашағым бұлыңғыр, ештеңе жақсы болмайды.",ALL_OR_NOTHING
"у меня микро4len. ну прям очень маленький. он в эрегированном виде примерно будет сантиметров 6-7 для кого-то может показаться смешным. но представьте жить с таким мизинцем. уже был в отношениях и этот недостаток сильно влиял. так сильно, что это рушили мои любые планы на серьезные отношения. теперь же даже не могу подходить к девушкам и знакомится из-за этой проблемы. потому что каждый раз всплывает картина моего маленького хасбика в глазах и я сразу начинаю саботировать любые взаимодействия с противоположным полом. сейчас я просто хочу изолироваться от всех. у меня нет депрессии и все еще хочу жить и радоваться жизнью, но точно есть апатия. постоянно хожу злой и угрюмый. настроение на нуле. чувствую себя проклятым. постоянно спрашивают, почему я такой грустный. но ничего не могу сказать своим родным и друзьям. поэтому пишу все сюда.",NEUTRAL_DISTRESS
they think i'm a fraud because i got a good grade.,MIND_READING
"все преподы меня ненавидят, это факт.",ALL_OR_NOTHING
"i am always the one who gets left out, nobody actually cares about me.",ALL_OR_NOTHING
i’ll never be good enough for med school.,ALL_OR_NOTHING
"she said she's busy, she just doesn't want to see me.",MIND_READING
"my life is always a mess, nothing ever goes right.",ALL_OR_NOTHING
"she looked at my shoes and smirked, she thinks i'm poor.",MIND_READING
"в чате тишина, они точно создали отдельный чат без меня.",MIND_READING
я абсолютно бесполезен.,ALL_OR_NOTHING
traffic in this city is a nightmare.,NEUTRAL_DISTRESS
i'm completely hopeless.,ALL_OR_NOTHING
"я вроде стараюсь, стараюсь все делать, но у меня оценки все равно плохие. я первашка и по идее не должно же быть таким сложным, но блин, появляется ощущение что я тупая из-за таких оценок((( мне уже так плохо от учебы, я до поздна каждый раз учусь, готовлюсь, но результаты плохиее. ужас просто убейте меня",NEUTRAL_DISTRESS
"i failed the driver's test, i will never learn how to drive.",ALL_OR_NOTHING
"я устала морально, я своего друга уже дохуя времени поддерживаю и помогаю чем могу. он в свою очередь все свои проблемы мне рассказывает под эгидой « доверия» и я всегда его как мужчину вправляю. сегодня на 7 мая подарила дохуя всего сама влезая в долги … а он блять в сторис  выложил как он типо добивается одну девушку. я не то что ахуела , типо ебать… мне очень обидно что я как тряпка осталась , хочу отомстить, пожалуйста помогите мне забыть его и убрать эту боль и огромную обиду.",NEUTRAL_DISTRESS
"всем привет, я очень напуган. сам учусь в мну а бывшая из ну, учится на эконе 3 курс  мы после 2 месячного перерыва got back (но еще не полностью и не совсем встречаемся), и недавно, во время незапланированного интимного момента, все зашло дальше, чем я ожидал (not in time). я не хотел чтобы все это так произошло, пиздец чувство вины, никто из родителей не знает. что делать?..",NEUTRAL_DISTRESS
"начальник не похвалил меня, он считает меня бесполезным.",MIND_READING
i feel kinda lonely.,NEUTRAL_DISTRESS
"она не ответила на историю, я ей безразличен.",MIND_READING
"я знаю, что не пройду интервью, даже нет смысла пытаться.",MIND_READING
ұйқым келіп тұр.,NEUTRAL_DISTRESS
"все в лифте молчали, потому что я плохо пахну.",MIND_READING
"ақшам таусылып қалды, стипендияға дейін қалай өмір сүрем?",NEUTRAL_DISTRESS
he thinks i'm annoying because i talk too much.,MIND_READING
"она не поздоровалась, значит, она на меня обижена.",MIND_READING
i’ll be lonely forever.,ALL_OR_NOTHING
"все друзья получили оферы на стажки. некоторые сами нашли,некоторым отправил сас. сам я подался тоже,но почему-то ничего не получил. чувствую себя второсортным человеком, у которого все в жизни фигово и никто не хочет попадать в это говно",ALL_OR_NOTHING
people 'always' fall for wrong or taken ones when i still can't let you go,ALL_OR_NOTHING
ол мені жақсы көрмейді деп ойлаймын.,MIND_READING
"начальник думает, что я некомпетентен.",MIND_READING
тяжело быть взрослым.,NEUTRAL_DISTRESS
i will never pay off my debts.,ALL_OR_NOTHING
"я так устала. ничего не выходит, родители ставят на мою учебу всё, а я на пробейшне. жить с ними ещё невыносимее чем справляться с учебой. на меня давят якобы из-за меня приходиться вкладывать а я не помогаю никак и не инициативная. в отношениях мне кажется ему нужна более любящая чем я, я вообще не его типаж. в работе нихера не получается. вчера гуляла по мосту и подумала что хочу прыгнуть, помню что течение давно в 17-18 лет убило так тетю, пробежали эти мысли пару дней назад. а сегодня после ссоры с матерью вообще это уже звучит как план. наверное я очень слабая для этой жизни и универа. я очень устала. я не вижу места в этой жизни для себя. простите, что вам это пишу",ALL_OR_NOTHING
"this assignment is impossible, literally no one can solve it.",ALL_OR_NOTHING
"все вокруг такие талантливые, а я просто пустое место.",ALL_OR_NOTHING
я не успеваю сдать проект.,NEUTRAL_DISTRESS
"i never get enough sleep, always tired, it never ends.",ALL_OR_NOTHING
i'm so tired of being tired.,NEUTRAL_DISTRESS
"я не мог остановить слезы на back to black  певица просто чувствовала эту песню????????????",NEUTRAL_DISTRESS
"мне кажется чтобы не читить и идеально учиться надо родиться в идеальной семье, где тебе делают все условия, многие ребята работают и не успевают, читинг из окей <3",ALL_OR_NOTHING
nothing good ever happens to me.,ALL_OR_NOTHING
"я либо сделаю это идеально, либо вообще не буду начинать, нафиг надо.",ALL_OR_NOTHING
everyone thinks i don't belong here.,MIND_READING
my groupmates think i'm slacking off.,MIND_READING
"в последнее время я чувствую так будто ничего не успеваю. уже скоро новый год, но из всех планов которые я ставила себе в сентябре я сделала лишь пару. я как будто застряла в одном состоянии и я не знаю что с этим делать",NEUTRAL_DISTRESS
мне грустно.,NEUTRAL_DISTRESS
"заметил что я очень часто захожу в телеграмм, проверяю чаты. и даже ничего никогда не пишу, но все равно постоянно все читаю, это как зависимость уже. и телеграмм удалить не могу",NEUTRAL_DISTRESS
"егер мен осы жолы жеңбесем, мен ешкім емеспін.",ALL_OR_NOTHING
i assume nobody wants to partner with me.,MIND_READING
у меня стресс из-за экзаменов.,NEUTRAL_DISTRESS
"родители молчат, они точно узнали про мои оценки.",MIND_READING
мен ауырып қалдым.,NEUTRAL_DISTRESS
тревожно из-за новостей.,NEUTRAL_DISTRESS
crying in the library bathroom rn lol.,NEUTRAL_DISTRESS
мне плохо.,NEUTRAL_DISTRESS
"во всей ситуации с уланом, темирланом и т.д., меня честно бесит тот факт что все коллективно забыли о проблеме харассмента. и я вижу в комментариях одних парней критикующих этих ребят. как всегда парни сделали все о себе, когда у девушек реальная постоянная угроза их здоровью, безопасности, психики и жизни. почему-то не поднимаются истории харассмента, которых куча. даже недавно проблема всплыла одна. все фокусируются на том чтобы буллить или защищать этих ребят, и опять же эти 'все' это одни парни. я понимаю что сложно понять когда с этой угрозой не живешь каждый день но хотя бы проявите немного уважения, а то все мем тот, репутация универа и т.д.",ALL_OR_NOTHING
есть хочу.,NEUTRAL_DISTRESS
никто в этом мире меня не любит.,ALL_OR_NOTHING
they are judging my accent.,MIND_READING
"it’s always the same, i try hard and get nothing back.",ALL_OR_NOTHING
бәрі мені тастап кетті.,ALL_OR_NOTHING
ол мені жек көреді.,MIND_READING
"она посмотрела на мои руки, она думает, что они уродливые.",MIND_READING
"ничего не получается. все давят на меня. особенно мама. не первый год. боюсь я не доживу до конца недели.  но пока что меня держит «уят». but how dare you blame, if you didn’t participate in my wellbeing whatsoever.   hope no one will notice, and even if you do, forget about it quickly. it’s not a big deal. истории моей тысячи, и мир не рухнет если одна из них оборвется",NEUTRAL_DISTRESS
"почему я трачу столько денег на макияж ? я вижу по скидки красоту, и я не могу контролировать себя и покупаю.  я раньше никогда не красилась и не пользовалась косметикой, а щас ….",NEUTRAL_DISTRESS
не могу уснуть из-за тревоги.,NEUTRAL_DISTRESS
бәрі мені күлкіге айналдырады.,ALL_OR_NOTHING
my back hurts from sitting in the library.,NEUTRAL_DISTRESS
чем больше я вникаю в политику и историю всего мира тем меньше я хочу жить,NEUTRAL_DISTRESS
олар мені жек көреді.,MIND_READING
"я всегда все порчу в отношениях, я проклят.",ALL_OR_NOTHING
they are judging my lunch.,MIND_READING
"ұйқым қанбады, шаршап тұрмын.",NEUTRAL_DISTRESS
everyone is waiting for me to fail.,MIND_READING
i know they are laughing at my presentation behind my back.,MIND_READING
"бүгін ештеңеге үлгермедім, өзіме ренжулімін.",NEUTRAL_DISTRESS
"очень хочется домой, к маме.",NEUTRAL_DISTRESS
меня одолевает зависть в этом универе. все лучше меня. и это неплохо. проблема во мне что это давит на меня так сильно что чувствую себя бездарностью.,ALL_OR_NOTHING
"менің қолымнан ешқашан дұрыс қарым-қатынас құру келмейді, мен жалғыз өтемін.",ALL_OR_NOTHING
"они шептались, когда я зашел. это точно про меня.",MIND_READING
the system is completely broken.,ALL_OR_NOTHING
"бывает я живу живу, вроде все норм. потом я вспоминаю что меня ебал мужик вдвое старше меня за деньги, и не хочу больше дышать. господи какая же моя жизнь конченная",ALL_OR_NOTHING
i feel overwhelmed by expectations.,NEUTRAL_DISTRESS
every single professor here is out to get me.,ALL_OR_NOTHING
everyone is fake.,ALL_OR_NOTHING
my life is a complete disaster.,ALL_OR_NOTHING
"я ебл всё,всё так заебало. хочется вернуться на год два назад",NEUTRAL_DISTRESS
он считает меня неудачником.,MIND_READING
я всегда буду бедным.,ALL_OR_NOTHING
he thinks i'm flirting but i'm just being nice.,MIND_READING
"она посмотрела на часы, я ей надоел.",MIND_READING
"if i don't get accepted into this internship, i might as well just quit my major right now.",ALL_OR_NOTHING
people assume i'm rude because i'm shy.,MIND_READING
"she smiled at me, she must be mocking me.",MIND_READING
