text,label,reason
"В университете проводится столько разных мероприятий, и часто возникают лёгкие сожаления о том, что я их пропускаю (иногда нет особо сил). С другой стороны, радуюсь тому, что сейчас уже легче отношусь к этому, и фомо тихомирится. Вроде ничего страшного в том, чтобы не быть социально активной, а вроде юность проходит",NOISE,"Mixed feelings, not severe distress"
"с каждым днем мне все больше хочется закурить

что мне с этим делать?",NOISE,"Expresses urge, asks advice"
Пиздец мне плохо становится когда кто то лучше меня,DISTRESS,Expresses strong emotional pain
"do squats until failure everyday, you will walk like you have been r4iled
thank me later xx",NOISE,"Irrelevant content, gives advice"
VA posts are going to be full anonymous bc no one is allowed to post another way. I'll come back later with another useless fact,NOISE,"Factual information, irrelevant topic"
"Только у меня бывает такое, что в голове появляются стыдные мысли, а потом оборачиваешься вокруг и думаешь,'надеюсь никто не умеет читать мысли' ?",MIND_READING,Fears others can read thoughts
"Мой папа настаивает на psir мэйджоре, но я пока не брала эти  курсы, даже боюсь, что не смогу задеклейрить. Какие плюсы и минусы?",NOISE,"Asks for advice, situational fear"
"Блять я че настолько тупой, я не могу уже столько учиться и такие низкие оценки получать я заебался",ALL_OR_NOTHING,Global negative self-labeling (stupid)
"возможно буду выглядеть как полный идиот, но меня реально это беспокоит. я человек который не курит, не парит, и в целом не имею вредных привычек. но в последнее время, из за напряженного второго курса, друзей, и музыки которую слушаю, так и хочется начать курить. понимаю что это вредно, но блин, как же они выглядят расслабленными, и как же красиво выглядит эта эстетика в песнях, клипах, книгах и всем таком прочем. боюсь что в один день сорвусь да и начну курить, что посоветуете сделать?",NOISE,"Expresses temptation, asks advice"
"я вот не пойму, у нас с сокращением бюджета типа обслуживание туалетов прекратилось или что…почему везде либо кабинки сломаны (дверь не закрывается), либо унитаз не смывает, либо ободок отломался, либо блять туалетной бумаги нет, причем никогда, это не так, что к вечеру она заканчивается, нет, ее просто никогда не ставят. я не знаю уже что думать, но такого раньше точно не было",NOISE,"Situational complaining, external anger"
"Что если я не готова к интимной близости, все ли отношения строятся на этом? Можно но ли иметь отношения без этого?",NOISE,Asks for advice/information
"Ой ребят, участвую в одной коррупционной схеме
НИКОМУ НЕ РЕКОМЕНДУЮ
Сидишь с этими чертовыми конвертами
И кажется будто вот-вот влетит антикор, КНБ и все все все, чтобы привязать меня 
Ну нахер эти схемы, живите честно",MIND_READING,Fears authorities will catch them
"Джапаниз просто лучшие. Я поражаюсь что вами движет и мотивирует, что вы готовили такой огромный ивент столько дней. Всем бы столько сил. 
Отдельное спасибо парню,который рассказывал про стипендии. Замотивировал наконец то собраться и начать готовиться на мекст ♡",NOISE,"Expresses gratitude, positive feedback"
Подруга после начала конфликта в секторе газа начала постоянно говорить что нужно убивать всех евреев. Ее много кто поддерживает из девушек. И она даже кинула мне твит где было написано 'теперь ясно почему гитлер истреблял евреев'. Я еврейка но никому об этом не говорила. Что мне делать? Я боюсь ходить по кампусу и выходить в город. Мне страшно,DISTRESS,"Expresses intense fear, anxiety"
"Я понял, что root of all my problems and stress это вкс. Если бы не вкс, все было бы как по маслу. Но все же, недолго осталось до конца семестра и я избавлюсь от нее",ALL_OR_NOTHING,Attributes all problems to one cause
"Моя дисфория заставляет меня чувствовать ужасно, особенно во время месячных. Я так это ненавижу, только я начинаю думать, что всё в порядке, даже перестаю носить биндер на грудь, и это снова происходит. Возможно это внутренняя трансфобия, но как можно принимать себя, когда вокруг все говорят, что 'это пройдет'? Мне почти 20 и с 13 лет ничего не изменилось! Дисфория заставляет меня переворачиваться наизнанку и мне опять и опять хочется распотрошить себя. Я пытаюсь не думать об этом, но ничего не получается. Когда это всё кончится? Мне уже невыносимо",DISTRESS,"Describes intense emotional pain, suffering"
6inch's chicken grill is not cooked on a grill. I'll come back later with another useless fact,NOISE,"Factual observation, irrelevant topic"
"Идет мужик в пустыне и видит слона в клетке. Ну, помогает ему выбраться оттуда и слон говорит:
- Мужик, емае я это никогда не забуду, и убегает
Проходит 20 лет и этот мужик сидит в цирке. Вдруг выходит слон, видит этого мужика и бежит к нему по пути растоптав всех, кто был рядом. Слон обхватывает мужика хоботом, приподнимает, а затем вбивает его в землю и убивает. Это был другой слон",NOISE,Irrelevant joke/story content
Мне одному как то все равно что происходит в палестине?,NOISE,Asks about shared opinion
"Вот такой ВА я привык наблюдать, - везде срач и длиннопосты - все как я люблю",NOISE,Expresses personal preference/observation
"Студенты НУ. В комментах распишите почему вам не нравятся социалисты. Для контекста представьте что этот человек осуждает все возможные и невозможные грехи ссср, китая, и любых других социалистических стран. Просто в отрыве от всего. Человек просто топит за то чтобы рабочих уважали, платили нормально, чтобы ресурсы страны принадлежали народу, и тд. Чем они вам не нравятся? Отбросьте все стереотипы навязанные  капиталистами, по типу они отберут у вас всё, они злые анау-мынау. Объективно разьебите марксистов. аргументы по типу социализм не работает и тд не сюда, я хочу узнать именно про отношение к человеку с иным мировоззрением/t",NOISE,Initiating a debate.
"Я думаю начать принимать антидепрессанты, но боюсь побочных эффектов, можете пожалуйста поделиться опытом?",NOISE,Asking for advice.
"Народ, что делать с чертовой мигренью. У меня иногда просто начинается она посреди тусы с друзьями/групашами и я более не могу существовать с ними в одной вселенной. Атенданс тоже портится ведь на уроке анрил сидеть. Пью обезболы, но они вредят здоровью 
Any suggestion please",NOISE,Complaining about health.
"Почему мне откровенно похуй на учебу? Мне даже становится все равно на стипендию. Мой потолок это не уйти в пробейшн, а так нормально заживу Деп ойлап кетем иногда. И я понимаю что это не правильный аттитюд к образованию, все Тут чалят, куни туни Какойто бр курстын проценттерин ойлайд, а я даже нормально не хожу на лекции, ну не могу я себя заставить. Универден шыгып кетейн десем духм жетпейды перед родителями. Я не знаю….",DISTRESS,"Expressing apathy, helplessness."
Я тоже пропустил мидку у тена… БЛЯТЬ Я ДУМАЛ БУДЕТ В ПЯТНИЦК У НАС ЖЕ ВСЕГДА В ПЯТНИЦУ БЛЯТЬ ЧТО ДЕЛАТЬ,NOISE,"Expressing frustration, anger."
"В турче будто еда все хуже и хуже, я нашла маленькую букашку",NOISE,Complaining about food.
"Лол, не ожидал я что 10 числа вечером я все-таки буду в джиме",NOISE,Casual personal observation.
"что делать с anger issues? я сама ничего не начинаю, но если незнакомый человек просто встает на мое место в очереди, то остановить меня сложно. сегодня мне после ситуации с очередью взрослый мужик угрожал.
со злостью что то делать надо. и не хочу подавлять злость словами «надо простить и отпустить», лучше предложите способы дать человеку ответку так, чтобы не прилетело.",NOISE,Asking for advice.
"Пиздец нахоой!
Панки, хой! 
Облил мочой 
Ты тупой,
А я бухой!",NOISE,"Aggressive, nonsensical rant."
"Это может прозвучать странно, но мысли о смерти и потенциальном суициде делают меня смелее. Это типа живи так как если сегодня это твой последний день. Кажется эта мысль уже звучала под одним из постов. Я часто думаю что я совершил много ошибок и я бесполезен, но мысль о потенциальном суициде придает мне уверенности. Зачем если можно делать полную дичь? Можно пробовать делать то что ты боялся, жизнь и так конечна.",ALL_OR_NOTHING,Self-labeling as useless.
"One day, I want to enter the space, I want to look to our earth, to the tiny sphere in the dark space. I want to forget about all of my problems, all of my anxiety and just stare to this beautiful image. And yes, I will definitely cry, huh",DISTRESS,Expressing desire to escape anxiety.
"idk what im doing wrong. i always try to help first, i can calm person and comfort them in their own way. always chose them over myself. i try so hard that even sometimes i forget about myself at all. i do everything i can.. why can’t they do that the same? is it still not enough? am i still not enough?",ALL_OR_NOTHING,"Global self-criticism, absolutes."
Мне кажется или никто из стаффа в юмс работать не хочет?,MIND_READING,Assuming others' intentions.
"У меня часто бывают перепады настроения. То я теряю себя и не понимаю как от такого состояния избавиться, то слишком веселая и это все замечают, но не со всеми я так себя веду и показываю. 
Не то что бы меня это беспокоило, но как то странно себя ощущаю при этом. Может просто надо наконец-то разобраться в себе. Но как?
Или просто я такая личность",DISTRESS,"Expressing internal confusion, mood swings."
"Я читинг осуждаю и сам не читерю, но иногда думаешь типа вот бы щас зачитерить и не париться, но даже когда такие мысли приходят, то остается страх, что спалят и будет мискондакт, а нахуй оно мне надо. Но при этом и другим вредить я не хочу, поэтому никогда не пойду сдавать людей. Я даже их не знаю, вдруг у них проблемы в жизни какие-то или он вообще не хочет быть в этом университете, но у него жесткие родители и тд, всякое может быть, так что зачем причинять потенциальное зло людям, даже во имя справедливости.",NOISE,"Ethical reflection, moral dilemma."
"мне кажется чтобы не читить и идеально учиться надо родиться в идеальной семье, где тебе делают все условия, многие ребята работают и не успевают, читинг из окей <3",ALL_OR_NOTHING,All-or-nothing thinking about success.
"почему работать учителем после НУ зазорно? мне всегда хотелось быть учителем математики и показывать детям, что этот урок не такой сложный. но когда я говорю, что хочу им быть, то получаю осуждающие взгляды",NOISE,Complaining about social perception.
"Sleeping two hours a day, having frequeny headaches and nose bleeding, eating once in a two days, am I going to die?",DISTRESS,Expressing health anxiety.
"Наверное это какая то моя психическая травма. Всю жизнь я избегал общения с девушками. Мне ужасно мерзко лишь от одного присутствия девушек. Может быть это связано с тем что меня избивала моя мама в детстве, еще надо мной издевались в школе одноклассницы. Когда начался ковид, учеба ушла в онлайн и хотя бы на 1.5 года стало лучше. Плюс я ушел из семьи, жил отдельно на сьемной квартире весь 11 и 12 классы и gap year. Благодаря этому получилось не поддерживать контакты с семьей, особенно с конченой матерью. Тогда я пытался решить свою проблему с психологами, но нихуя не получилось. Я просто не могу принять девушек, не считать их всех таким же мразями как тех, что повстречал в своей жизни. Но теперь я снова должен находиться в одном помещении с девушками. И это нежелание даже находиться около девушек особенно стало заметно в последнее время. Стараюсь никогда не приходить заранее на лекции, лишь бы только с девушками никогда не разговаривать и никогда не находиться с ними близко.",ALL_OR_NOTHING,Generalizing negative experiences.
"I STILL BELIEVE IN YOUR EYES
I JUST DON'T CARE WHAT YOU HAVE DONE IN YOUR LIFE
BABY, I'LL ALWAYS BE HERE BY YOUR SIDE
DON'T LEAVE ME WAITING TOO LONG, PLEASE COME BY",NOISE,"Song lyrics, emotional plea."
"Я так люблю котов и ненавижу собак. Я могу покормить кота на улице, ведь я ношу пачку вискаса всегда со мной. И я терпеть не могу людей кормящих бездомных собак. Вы можете подумать что у меня двойные стандарты, но нет, мы разные. Коты не нападают на людей, не загрызают детей на улицах. Я не могу понять, почему люди в нашей стране так бездумно заводят собак, бросают их, и яростно защищают от любых мер борьбы с бездомными собаками. Обьясните!",MIND_READING,Anticipates others' negative thoughts.
"I don't know what is my problem. I know that i am beautiful, but I don't FEEL it. Sometimes i catch myself staring at my own picture and dreaming 'oh, i wish i was her' but then i realise that i AM that person. I have some disconnection with my appearance, i feel like i have  this problem because i use makeup, but all my friends say that makeup literally doesn't change anything about me??? I really love myself, but when it comes to my body, i feel like it's not mine, is it something psychological or smth??
Maybe someone will understand me.",DISTRESS,"Expresses internal struggle, disconnection."
"У меня скорее всего будет 45% по физике, до пасса керв дадут?",NOISE,Asking for academic information.
"Стоишь с утра снимаешь таймлапс рассвета, греешься внутри универа, иногда выходишь чекнуть камеру. Ждать 2 часа, ходишь читаешь всякие НУшные билдборды и охрана такая:

- Не ходите тут, мы тут одни, вдруг чего-то украдёте

- Я снимаю рассвет, красть ничего не буду

- Какой рассвет, всё, рассвета не будет!

- В смысле не будет •_•",NOISE,Recounts situational complaint with security.
"Люди, которые сосут свои одноразки в дейли, сиксинче и так далее — полные уебки. У меня все.",NOISE,Expresses external anger/disgust.
"Ребята, давайте уважать друг друга. Я сам смотрел и болел за нашу сборную, но я не шумел ведь рядом спали люди. Нужно уважать себя и других, ведь у кого то может быть что то приоритетнее в жизни. Не нужно прикрываться тем что раз в году можно, правила есть правила и их должны соблюдать. «Один раз можно» это как если бы вы предложили взятку за нарушение. Давайте искоренять из себя эти позывы «коррупции», и будем добры друг к другу.
Людям которые помешали эти шумы, прошу отнестись с пониманием. Все мы люди и эмоции выпускаются неосознанно, но давайте не оскорблять друг друга, и не нести негатив в комментариях. Давайте все не будем этими хейтерами в комментариях, и не будем оскорблять и высмеивать друг друга. И надеюсь все понимают, что есть шутки и никто не обижается.",NOISE,"Social commentary, call for respect."
"я все понимаю, это эмоциональный момент, но не знаю, меня пугают громкие крики, ОСОБЕННО мужские, мб это ptsd. вчера когда я услышала (а еще учитывая, что это было ночью, когда обычно в такое время тишина), то чуть инфаркт не словила. мой случай скорее исключение, и никто не обязан такое учитывать, но все равно, было немного некомфортно :((",DISTRESS,"Expresses fear, anxiety, potential trauma."
"Те кто жалуются в ва на ночной шум, вы также жалуетесь на громкие разговоры в лайбе? Попробуйте сказать мне в лицо это в следующий раз, увидите, разговор будет совсем другим.",NOISE,"Confrontational, external anger/challenge."
Всем Здорово племянник кинул ссылку на ваш сайт типа игры смотреть хуёмоё можно за дела житейские перетереть. я пока невкурил как тут лайк ставить я если чё димас просто димка))) расскажите как дела чё делаете вообще я с таганрога,NOISE,"Introductory message, asking questions."
"Ты не представляешь как мне все равно. Мне глубоко наплевать объективизируют, субъективизируют и другие новые слова этой эпохи. То что мнение людей в какой то части формируется по тому как ты выглядишь можно было бы и понять за второй десяток, а для кого и за конец первого десятка лет жизни.",NOISE,"Expresses indifference, dismisses opinions."
"Я осуждаю поступок человека, создавший facemash. Я так же понимаю, что facemash ударил по психике очень многих девушек, и им было очень плохо. Однако, за такой проступок вы ему хотите испортить жизнь. Он еще молодой, максимум 24 года. Пока что глупый, наверное подумал, что это будет смешно. Я считаю, что его надо наказать, но не так грубо как хотят девушки, это слишком жестко для такого. В такие случаи надо принимать решения с холодной головой, отсеяв все эмоции.
Сразу же предвижу комментарии по типу: 'мужик защищает мужика' - мне глубоко плевать какого он пола, нельзя рушить жизнь человека из за такого объективно безобидного проступка. 'Ты просто не понимаешь что ощутили девушки' - да, я конечно же не понимаю, я не девушка, но объективно ситуацию оценить могу.",MIND_READING,Anticipates others' negative judgments.
"I think in heat of situation, we started forgetting uyghurs? Never forget",NOISE,"Political/social comment, reminder."
"заметил что я очень часто захожу в телеграмм, проверяю чаты. и даже ничего никогда не пишу, но все равно постоянно все читаю, это как зависимость уже. И телеграмм удалить не могу",DISTRESS,"Describes compulsive behavior, inability to stop."
"Почему я трачу столько денег на макияж ? Я вижу по скидки красоту, и я не могу контролировать себя и покупаю.  Я раньше никогда не красилась и не пользовалась косметикой, а щас ….",DISTRESS,Expresses lack of self-control.
Пока все обсуждают фейсмаш никто не узнает что я люблю смотреть как голые накачанные мужики обмазываются маслом. Yeah oooh tick-tock heavy like a brinks truck looking like I'm tip-top,NOISE,"Humorous, irrelevant comment."
"Мне кажется все в точности наоборот по отношении того, кто это написал. Нормальным девушкам вообще похуй на это",NOISE,"Blunt, generalized opinion."
"Я хочу молотком вьебать себе в голову несколько раз, я заебалась уже от себя, своих эмоций, от своих чувств, от своих мыслей, я пиздец устала

_____________

Please, contact this address for help:

Health and Wellness Center (to find a psychologist) through telegram: @HWC_Duty_consultant 
Telegram phone: +7(775)759-38-44 
Working hours: 8:30-17:30 
Monday to Friday (except for public holidays) 
Lunch break: 12:30-13:30",DISTRESS,"Expresses severe self-hatred, exhaustion."
"Этот момент снова настал,когда еда теряет всякий вкус и меня все время тошнит. Нет желания ни есть,ни готовить или покупать еду. Внутри бесконечная грусть и боль.
А когда то я так мечтала здесь учиться,молилась чтобы поступить сюда. Так почему же я так несчастна?! Неужели я настолько неблагодарна и так легко сдалась Ненавижу себя из-за этого",DISTRESS,"Profound sadness, self-hatred, anhedonia."
"знаете, ребята. я работаю руководителем на full time job и чувствую, что по ощущениям намного старее всех своих сверстников",DISTRESS,"Feels older, different from peers."
"Суицид - это выход?
У меня нет наклонностей, просто интересно узнать ваше мнение",NOISE,Hypothetical question about suicide.
Нужен парацетамол asap (pls I'm bout to die),NOISE,"Situational complaint, asking aid."
Почему у нас не было нормального посвящения?Или это я все пропустил?,NOISE,"Situational complaint, question."
"Убили ли бы вы чужого младенца, в которого вселилась ебучая крыса-король? Сука я блять чтобы убить эту крысу прошёл пиздец какой путь в тёмном пространстве и сразился с дохуя опасной нечистью, в итоге она забежала в чей-то дом и вселилась в их ребёнка. Типо блять он стал белым как та крыса, при этом он лежал прям рядом с матерью. Я слишком долго думал и проснулся, но как бы вы поступили на моём месте? Убили бы ребёнка ради спасения будущих жертв этой хуеты(и самих себя, если она придёт отомстить)? Учтите что крыса пиздец какая злая, но вас бы потом посадили за убийство ребёнка.",NOISE,Asking ethical hypothetical question.
"Девушка, которая писала тот самый пост о НУ лейдис. Этот пост - единственный способ выразить мою тебе поддержку. Я солидарна с тобой, очень хотела бы тебя обнять. Всегда найдутся несогласные и оскорблённые на любой пост! Не обращай внимания на весь хейт и злостные колкости в свой адрес. У каждого в этом мире свой собственный вид тараканов в голове! Сколько людей, столько и мнений ёмоё! Шлю тебе искреннее тепло⁠♡",NOISE,Message of support/advice.
"Вот иногда думаю что лучше ничего не делать, ведь последствия себе дороже. К примеру, Атака титанов - если бы ерен джагер и пацаны сидели на попе ровно - не было бы приколов типа мировой войны. Так что, думаю лучше сидеть на попе ровно. В чем я не прав?",NOISE,"Philosophical reflection, asking opinion."
"Вот вы никогда не думали чем живут другие люди? Не в плане сплетен, а вот просто интерес искренний. Чем увлекаются, с кем общаются, куда ходят. У меня этот интерес вызывает апатию. Потому что чем больше у меня знакомых я понимаю что я каждон мгновение теряю время узнать другого человека. И даже чисто теоретически я не смогу даже с каждым нушником своего потока познакомиться. Не говоря уже а людях на всей планете.

Как-то в тоску вгоняет, лежишь потом и все ещё продолжаешь интересоваться чем живут другие люди.",DISTRESS,Expresses apathy and melancholy.
"Знаете, я как камень. Нет, не в том смысле что я твердый и нерушимый, хотя и это есть - я просто как камень. Все вокруг суетятся, бегают как белки в колесе, боятся чего то упустить, быть хуже других. А я - камень. Мне все равно. Что бы люди не делали, и я, и они будем в будущем. Да, возможно у них там будет что то что они хотели, будут чувствовать себя хорошо. Но знаете что? Я как камень - мне ни плохо, ни хорошо. Что бы там не было, я тоже буду существовать. Но я как камень - ни тепло, ни холодно. Просто как камень. Эти люди могут в процессе упасть, потерять себя в пучине отчаяния. Ну а я как камень - всегда буду как всегда. Как камень.",DISTRESS,"Describes emotional numbness, apathy."
"Чувствую что Я робот
Я всегда один
Мне удобно
Люди думают Я странный и умный
Мне похуй
Я робот",MIND_READING,Assumes others' thoughts about self.
"Не знаю, вроде и хочу с ссх перевестись на кс, но некоторые говорят что образование кс здесь это просто пустышка, и Я ничего от этого не получу. Экономика, тоже потенциальный деклейр, мне очень нравится, но хотелось бы в айти тоже",NOISE,"Seeking advice, considering options."
Мне кажется или щас в последнее время всеее болеют гриппом?,NOISE,"General observation, asking question."
"Лет пять назад когда я сдавал ент у меня была теория. После того как все мои одноклассники списали, а я нет так как уже поступил сюда и сдал его по приколу, я понял почему на некоторые специальности нужны очень высокие баллы. Потому что те кто списывают, а как по мне это почти все, они искусственно завышают планку, и те кто готовился но набрал не прям много, 80-100,страдают.
И средний должен быть намного меньше по моему
Я был прав?",NOISE,"Theory about system, asking validation."
"Мой парень, нушник, кс, снял хоум видео со мной и потом угрожал мне сливом данного видео моим родителям. Это было несколько месяцев назад, мы до сих пор в отношениях. Что делать? Это не вброс, извините что пишу так мало подробностей. Он всегда рядом. Я согласия на видео не давала. Он снял меня без моего ведома и согласия",NOISE,Describing serious external problem.
"Если вас скоро отчислят и вы хотите стать популярными: 
1. Запишите видео о том как вы хейтите НУ и то что она вся в коррупции и выложите в тикток/инстаграм
2. Как только вас отчислят, обвините НУ в том что они отчисляют вас из-за того самого видео

НУ никак не сможет оправдаться, а народ будет верить вам так как они итак ненавидят НУ. Я считаю гениально",NOISE,"Cynical suggestion, not personal distress."
я попал на пробу что делать? надо в спринге выйти с нее и все?,NOISE,Asking for advice.
"Бля какая же я тупая, я реально, ну мне лучше умереть чем родиться было",ALL_OR_NOTHING,"Absolute self-labeling, extreme despair."
"я хотел помочь людям приготовить квас, выложил видео в тикток. видео набрало много просмотров, но все люди в комментариях пишут, что у них диарея. теперь никто всерьез не воспринимает мои рецепты. что мне делать?",NOISE,"Situational complaint, asking advice."
"с недавнего времени мне начали сниться кошмары на регулярной основе. Раньше всё обходилось лишь тем, что в этих страшных сновидениях были мои страхи. Рак у близких/знакомых (в действительности, кстати, всё подтвердилось), пауки, тарантулы. Это происходило раз в 1-2 месяца, но все разы были настолько реалистичными, что только с припадками пробуждаюсь и запоминаю надолго.

Сегодня просыпаюсь от того, что мне снится ад. За пару недель, это уже не первый раз. Самое ужасное - мои попытки пробудиться, ибо тот мир так сильно удерживает мое подсознание, и я буквально схожу с ума от того, что нахожусь на ощутимой грани между кошмаром и реальностью, а до конца проснуться и «освободить» себя не получается. 

если кто-то сталкивался с таким, как вы справлялись? Скорее всего это от недосыпа и стресса, но даже после попыток изменить образ жизни, особой пользы от этого не было",DISTRESS,"Describes severe nightmares, anxiety."
"Первый курс. Завалил экономику, скоро завалю химию. Я буду не первым человеком здесь, который скажет, что больше не хочет жить. Просто руки опускаются от того, что не выходит ничего нормально. Не могу сказать, что я ничего не делаю и не занимаюсь часами. И всё равно.
На первом же семестре первого курса слечу со стипендии, попаду на пробу, сигану с моста. Две F за первый семестр курса - это сильно, кажется я вообще самый худший студент
Стипендию ведь не вернут посреди следующего семестра при текущих?
Короче... отчаяние",DISTRESS,"Expresses despair, suicidal ideation."
Это нормально что мне спокойней когда всем вокруг хуево так же как и мне?,NOISE,Asking about personal feeling.
"Я всегда о чем то тревожусь. На данный момент я тревожусь о том что я потенциально могу остаться на пятый год. Это портит мне все дни. И вчера ко мне пришла мысль, которая меня, как ни странно, не посещала до этого. По факту, я сейчас на 1 курсе, и до 4 курса мне еще жить и срать. И если я так и продолжу постоянно волноваться, но в итоге даже не останусь на пятый год, тогда все эти 3 года я проведу в негативном состоянии? Это как то тупо пиздец.  Я просто представил, что если реально, у меня не будет никаких проблем с градуейшном?  Тогда я оглянусь на свое прошлое, и пойму что просрал все универские годы в тревоге. Поэтому с этого дня решил волноваться о проблеме только по мере ее наступления. Надеюсь у меня получится",DISTRESS,"Expresses constant anxiety, worries."
"I'm a simple girl who wants simple things  
Сейчас все девушки так одержимы карьерой и несомненно иметь образование - очень важно, нужно развивать себя и я верю что в момент когда человек перестает развиваться, он умирает. I'm also a girls' girl, поддержу любые идеи и мечты которые могут быть у других, но не понимаю почему никто не может сделать того же для меня. 
Я хочу семью, хочу детей. Мой главный приоритет в этой жизни - семья и чтобы все в ней были счастливы, я могу пожертвовать карьерой ради своих(будущих) детей. Также хочу любящего мужа, любить его и делать всё что в моих силах чтобы поддержать его в его развитии. Не нахожу ничего зазорного в том чтобы готовить для него, заботиться о нём. I am ready to give up on my career and be a housewife, просто хочу иметь семью и давать им свою любовь. Создать 'семейный очаг'. Почему другие не могут этого принять? Почему сейчас эти желания считаются странными? Буквально каждая девушка которой я это говорила считает меня ненормальной и пытается исправить это, 'направить' меня и доказать что работа - самое главное в жизни человека. У всех свои приоритеты, свои желания и свои цели. Просто примите что все люди разные, и живите счастливо. It literally makes me so sad that nobody understands me",ALL_OR_NOTHING,"Uses absolute terms like 'nobody', 'every girl'."
"Ахтар сегодня сделал мне финальный фистинг. Теперь грустно, мне все нравилось",DISTRESS,Expresses sadness and emotional pain.
People 'always' fall for wrong or taken ones when I still can't let you go,ALL_OR_NOTHING,Uses the absolute term 'always'.
"Что-то на меня жесткая грусть напала, я так не хочу покидать это место. Провела в этом социуме пять лет своей жизни, онлайн забрал целых полтора года и от этого будто еще сильнее не верится, что скоро конец. Предпоследний семестр пролетел незаметно, и я кажется только-только прониклась полноценной студенческой жизнью, а уже через полгода у меня это заберут. Всегда есть вариант остаться здесь на магу (если примут, лол), но это выглядит как стагнация. Понимаю, что нужно двигаться дальше, но не могу ничего поделать с чувством того, что покидаю действительно родное место. Короче, младшие ребята, цените это прекрасное время и наш уник со всеми его плюсами и минусами, вы скорее всего будете очень скучать <3",DISTRESS,Expresses deep sadness about leaving.
Куда можно переподать? Мне не нравится НУ его еще все хейтят. Еще я не понимаю повлияло негативное мнение старшаков или мне самому тут не нравится,NOISE,"Asking for advice, general complaining."
"всем оценки кервнули, мне - нет 

к кому обращаться?",NOISE,"Complaining about grades, asking advice."
"Если я завалил 2 курса и попал на пробу в этом семестре, но закрою все курсы на А в спринге, попаду ли я в динс лист? Смотрят ли на предыдущие семестры?",NOISE,Asking for academic information.
"У меня девушка учится в казгюа и у нее часто сообщения про то что она хочет убить себя. Я вроде что то пытаюсь, но ничего не могу. Куда обратиться? Не станет ли ей хуже после такого, я не знаю.",NOISE,Seeking advice for another's distress.
"Иногда когда мне нужен адреналин, я дропаю курс, который всем нужен, и обратно быстро регаю",NOISE,Descriptive statement of behavior.
"Меня всегда интересовало почему люди находят негатив в том, что смысла или цели в жизни нет. Что в этом такого? Ведь это и делает жизнь интересной и неограниченной какой-то одной целью, всегда можно сменить свой путь в другую сторону. Можешь творить, страдать, радоваться, плакать, смеяться, горевать, делать че по кайфу и наплевать на всё. Как говорится, you only live once.",NOISE,"Philosophical reflection, general observation."
"Общаюсь с человеком, у которого реально начинается или прогрессирует шиза. Иногда он это понимает, но большинство времени - просто страдает от того, что контролировать не в состоянии.

У него очень тяжёлое детство и семья. Буквально все ужасы, которые может увидеть ребёнок + не самая нормальная генетика (в предках были люди с бедами с башкой). Ещё и очень мало из-за этого общения и друзей, проблемы с учёбой и т.д.

Этот человек - мой друг. Не сказать, чтобы очень близкий, но к словам друг-друга прислушиваемся. Я помогаю ему с учёбой, участвую в его творчестве (а он талантливый, надо сказать), а так как ещё на несколько лет старше, даю иногда советы по жизни. Ну и помогаю справляться с приступами, отвечаю на звонки в два часа ночи со слезами в голосе и т.д. Но это не манипуляция, нет - человек сам помогал мне, когда у меня возникали временные трудности.

Просто видно, как у человека натурально едет крыша, уже клинически. Из года в год и всё быстрее. Но на мои просьбы что-то с этим сделать, пойти к психологу хотя бы и т.д. он отвечает отказом. Мол, уже пробовал, лекарства не помогут, психологи не слушают и всякое такое. Он то признаёт в себе шиза, то нет, но ничего не хочет с этим делать, хотя сам от этого страдает и часто просит помощи у меня.

Я думаю о том, чтобы просто его оставить. Я понимаю, что тогда он может и умереть не больше чем через полгода. Просто человек сам не хочет лечиться и выбираться из всего этого, даже когда ему ужасно плохо от этого. Я не раз спасал его от суицида, продолжаю держать на плаву, но боюсь, что этим только оттягиваю неизбежное...",DISTRESS,"Expresses burden, helplessness, and fear."
всем привет! какую защиту на айпад эйр посоветуете поставить? учитывая что я буду использовать pencil часто? пленку (глянец/матовую) или защитное стекло?,NOISE,Asking for product advice.
You know occasionally I think that it is easier to die than to get the necessary courses registered. Such pressure seems insurmountable. I feel defeated.,DISTRESS,"Expresses despair, feeling defeated, overwhelmed."
"Я Астана резидент, но по семейным обстоятельствам мне срочно необходимо общежитие. Я ходил к student housing несколько раз по вопросам заявки, и я по итогу отправил все необходимые документы через форму, которую скинули student housing.
По итогу мне ответили, что в первую очередь общежитие получат студенты из других городов, только после этого моя заявка будет рассмотрена. 
Подскажите, насколько велики шансы на получение общежития?",NOISE,Seeking information and advice.
"Возможно этот вопрос странный, но все же волнуюсь. Я сейчас заканчиваю кс, девушка. И почему то волнуюсь о трудоустройстве именно потому что я девушка. Есть ли какая либо дискриминация либо сексизм в сторону женщин в айти?",NOISE,"Expresses worry, asks about discrimination."
"Ребят, для меня самая большая мотивация в работе - деньги.

Подскажите пж самый высокооплачиваемый после выпуска тут мэйджор.

Самый востребованный, и где легче всего найти работу после выпуска.

Учитывая то что я готов ебашить в учебе и брать интерншипы во время учебы.",NOISE,Asking for career advice.
"Куда можно деть книги по английскому типа Messages с копибуком и диском, у меня таких два, если продают никто не покупает, выкинуть жалко",NOISE,"Asking for advice, situational complaint."
"Дорогой Дед Мороз,

Я так не хочу возвращаться в дорм, делить комнату на троих… особенно, когда вы все втроём девочки. 
На этот новый год я хочу попросить у тебя нормальную комнату на двоих, а не эту лачугу, где не пройти, не присесть, и с супер минимальным местом для хранения вещей.

Спасибо!!!",NOISE,Complaining about living conditions.
"Мой парень сейчас ищет работу, отправляет свои резюме и тд, но дальше собеседования его не берут. Не знаю как поддержать его. Знаю что в айти надо работу долго искать и это сложно попасть туда. Плюс ему отказывают изза того что он студент. Что делать, он сильно расстраивается изза этого, хотя я знаю что это временно и у него позже все получится",NOISE,Seeking advice for partner's distress.
"с тех пор как приехала домой constantly fighting with my dad. в Казахстане всегда 2 проблемы: нет отца, есть отец",ALL_OR_NOTHING,"Uses absolute term 'always', black-and-white."
"Я не кажусь себе красивой, не могу смотреть в зеркало и любоваться собой. Бывают редкие дни когда я думаю вау я красотка, но это пару раз в год происходит. Свои черты вообще не нравятся, мне уже надоело смотреть на одно и то же некрасивое лицо. Я могу найти красоту, хоть маленькую в каждой (почти) девушке, но в себе нет. Пытаюсь каждый раз что то менять в волосах, но в конце это все надоедает все равно. Думала сделаю пластику в будущем, но лицо то кардинально не изменится. Хотела бы родиться заново с другим лицом:(",ALL_OR_NOTHING,Views self as totally unattractive.
"Пиздец, у меня воображение умерло. Раньше имел довольно развитое воображение: говорят представить пейзаж, я представляю пейзаж, горы там, холмы, леса, оттенки, то как свет отражается от заснеженных вершин. Сейчас мне 20 и вдруг пришло осознание что я не могу так, если надо предоставить вещь, то нет никакой картинки, просто концепция в голове вот и все. Я не знаю когда это началось потому что полагал что это просто функция мозга сама собой существующая. Кажется мой мозг уже стареет.",ALL_OR_NOTHING,"Imagination is dead, total loss."
"Ребята, я вернулся, чуть-чуть изменился но это я🥰

🤫Слыхали про анон чат для студентов?🤫

Выбирайте пол собеседника, комнаты общения по интересам😽, оценивайте своих собеседников👍, сохраняйте понравившихся в анонимные контакты🫢 и получайте бонусы за рефералов🚀

А еще у нас есть канал где мы пишем о всех новостях и собираем ваши пожелания для обновления функционала бота🫡

🔥Не забывайте что через бота можно закидывать анонимные посты в этот же канал🔥

➡️ @anonstudentbot ⬅️

Желаем найти хорошего собеседника🥰",NOISE,Advertisement for a bot.
мне страшно представлять сколько людей в джиме появится в январе,NOISE,Situational fear about gym.
"My hot take about cooking #2
 
Vertical shot, around 1 min long recipes from whatsapp/instagram/ tiktok are terrible.
They teach you nothing, no troubleshooting, no advices, no tips.",NOISE,External complaint about recipes.
"Svc, письмо с формой приходило? У меня ниче нет, хотя должно было 4го всем прийти",NOISE,Asking for information.
"Я парень. Когда меня пацаны буллили в школе в 8-классе. Однажды, я каждую неделю по одному дню посвятил время чтобы словить одного буллера вечером после школы и нападал. Они в темноте не успевали видеть кто напал потому что я подбегал сзади с черным мусорным пакетом и бил по голове. Когда они падали я их добивал. Лежа на земле, они долго копашились и не могли встать из-за ударов. Удары были не сильными но ощутимыми. Я же в это время просто уходил. В общей сложности, таких буллеров было четверо. Пятого пожалел. После каждой отправки на койку одного из буллеров, они пропускали занятия и когда возвращались обратно в школу приходили в ссадинах. Не знаю почему но они перестали вообще буллить меня. Тогда, я учился в простой школе. Потом перевелся в НИШ. Сейчас я учусь уже на четвертом курсе. Глубоко познав все знания курсов, морально осознаю что это было неправильно. Любое насилие это плохо. Будем добрее. Жизнь дается лишь раз каждому. Этим постом я хотел лишь поделиться что есть такой парень кто пережил буллинг, кто смог дать отпор буллерам когда-то в свое время, но потом осознавший что смысла в насилии в жизни нету. Большинство проблем можно решить кооперативно. Насилие - вышедшее из под контроля человеком обстоятельство. Насилие может существовать только в пределах спортивного интереса и не больше.",NOISE,"Reflective story, moral lesson."
"Честно, у меня тревога о возвращении в универ. За каникулы я понял как же я люблю жить у родителей, и как же я ненавидел быть в универе, в шумной ночью общаге, мерзкой еде из столовой. И о учеба.. Она вытянула все искры жизни из меня. Но выхода нет, подскажите хоть как всё это лучше терпеть, пожалуйста..",DISTRESS,"Expresses anxiety, hatred, hopelessness."
"Я жалуюсь на всю херню которая происходит в моей жизни, но именно она она делает мою жизнь живой, и мне насрать то что я лям просрал за последние пол года в никуда, что в романтическом плане я умираю, все идет именно так как надо каждый день не похож на предыдущие, да невезение, но в нем и есть кайф которого мне не хватало",NOISE,Philosophical take on life.
"Мне вот интересно есть ли в универе люди у которых не  в приоритете грейд.
Такие ' похуй давай D, но чтоб все знания мира у меня были '",NOISE,General question about priorities.
Ничего если я в вл и пропустила первый семинар по социологии? Я могу догнать если буду со второй недели ходить?,NOISE,"Asking for advice, reassurance."
"Люди которые курят сигареты, типо как вы вообще курите их, отвратительный вкус, неприятный запах, да и ко всему прочему одна химия внутри
Может я не понимаю, но от одного запаха сигарет меня косит нереально",NOISE,External complaint about smoking.
"should i blame myself that i did nothing(did not study)these two days of weekends, but had a rest and ate well",NOISE,"Mild self-reflection, seeking validation."
"Почему я некоторых людей вообще не вижу я в НУ, а других каждый день да ещё и по несколько раз. Ещё подумают что я сталкер. В соцсетях вижу, что человек в ну учится, но ни разу не встречал????",MIND_READING,Assumes others think negatively.
"Я всегда считала что я девушка. Хоть и с рождения я имела неправильное тело, я уверовала что я девушка. И вот с приходом в университет, у меня страх: будут ли остальные девушки скандалить если я буду пользоваться туалетом для девушек? Я ведь не виновата в том что я не в том теле родилась. Что думают девушки по этому поводу?",MIND_READING,Assumes others will react negatively.
"Я решаю все воршиты, ревью, и проблемс с легкостью и понимаю тему. Но на экзамах и куизах задачи такой же сложности или легче я проваливаю. Что мне делать?",NOISE,Seeking advice for academic problem.
"люди, которые работают и учатся, поделитесь пожалуйста опытом и советами по тайм менеджменту 

мне чертовски нужны деньги, но мне также страшно за учебу :(",DISTRESS,Expresses fear about studies.
"Заметила что появились две полоски как морщины на носогубном треугольнике. А мне всего лишь 23:( они заметны не только при улыбке, и под кушоном сильнее всего видны. Как избавиться от них, помогити????",NOISE,Seeking advice for cosmetic issue.
"помогите, как вы вылечили депрессию? или же, как вы действовали когда у вашего родного депрессия? что я смогу сделать? очень страшно :(",DISTRESS,"Expresses fear, seeks depression help."
"Привет всем! Хочу предупредить, что этот пост может быть травматичным для кого-то из читающих, поскольку он о потери родителя. 

Кто-нибудь из студентов терял родителя во время учебы в универе? Я не знаю, почему я акцентирую на этом внимание, но хотелось бы понять, что я такой человек не один, а значит, смогу справиться. 

Кто проходил через это? Как вы справлялись? Возможно ли вообще, что когда-нибудь станет легче? 

Спасибо!

Сил и терпения❤️",DISTRESS,Expresses pain from parental loss.
"Почему когда плачут дети это вызывает у меня пздц какую тревогу? Еще когда он не перестает плакать на успокоения ляя прям пздц бешусь резко на ребенка. Я типа знаю что я тоже так плакал и это норм, не нужно злиться но я хз что с этим делать ????",DISTRESS,Expresses anxiety and anger.
"Люди в НУ такие классныееее аааааа я не могу.
Все такие умные милые добрые красивые хорошие классные крутые офигенные ^^
Обожаю комюнити этого универа, ребят, вы лучшие, знайте.
Я думаю нигде в Казахстане не найти такого комюнити как тут.
<3 <3 <3",ALL_OR_NOTHING,"Uses absolutes ('все', 'нигде')."
"Восхищаюсь девушками, которые носят каблуки на повседневке, потому что после одного дня у меня уже миллион мазолей и боль в ногах",NOISE,"Personal observation, admiration."
"Салидат неадекватная женщина, которая звонит и обвиняет во всех смертных грехах, при этом выгораживает сотрудников по вине которых и произошел форс-мажор) люди которые работают в общежитии просто неадекватные , мне похуй на их
Загруженность и тд, это не повод обращаться со студентами так агрессивно",NOISE,"External anger, strong complaining."
"I have a weird opinion про песни кпоп. Мне чето начинает казаться что часто бывает что песня например Stray Kids Lalalala типа она не во всех моментах классная, ну то есть мне кажется что крутой является только та часть которую они крутят по тиктоку. А кроме этого другие моменты будто из другой похуже песни пришито. Или же вот Bite Me Enhypen типо круто звучит первая строчка (It's you and me in this world...) но потом наступают супермонотонные части и потом обратно крутой момент. А еще от Stray Kids Maniac, там где припев и еще куплеты без б Феликс классно звучит, но конкретно где рэп и какая то слишком веселая мелодия то тогда от этого я нахожусь в недоумении. Слишком уж отличительно звучит и следовательно немного неприятно (кайнда бьет по ушам). И вот хотелось бы знать почему такие неровные песни",NOISE,Sharing detailed musical opinion.
"девочки, пожалуйста носите колготки, у меня вот вчера после аб нереально болели ноги, тк на мне были тонкие капронки, и все еще болят. берегите здоровье пожалуйста",NOISE,"Giving advice, sharing experience."
Мне кажется или наш универ никогда так не преображается как на Аб?,ALL_OR_NOTHING,Uses absolute ('никогда').
"I started retinol about two weeks ago (2 times a week) and the purge phase is absolutely killing me. I know that it causes breaking out at first, but my skin looks so bad I want to cry

Does anybody use it here? I want to know about your experience with breaking out and how long it took you for it to go away",DISTRESS,Expresses sadness about skin.
"Мне очень нравится поговорка: «Как станет хуже некуда, так и на лад пойдет». По временам я спрашиваю себя, не стало ли нам действительно «хуже некуда», потому что мне очень уж желательно, чтобы все наконец «пошло на лад». Ну да поживем – увидим...
 Винсент Ван Гог",NOISE,"Philosophical reflection, quoting."
"Я-первашка математик, и я начинаю бояться, что с течением времени мне наскучет моя специальность. Все ли дальнейшие предметы будут состоять из одних теорем, огромного количества теории? Да и найдется ли этому применение в рабочем плане? Есть ли вообще что-то интересное из всех обязательных для меня курсов?",NOISE,"Expresses uncertainty, asks questions."
Я надеюсь что все кто лезут без очереди и занимают очередь в поликлинике умрут от спида,NOISE,Expresses extreme external anger.
"Мне порой кажется что я единственный у кого нет инсты и тиктока. Иногда слушаю знакомых и они говорят на непонятном мною языке. За мемы я конечно шарю, но нахожу тикток слишком тупым и кринжовым времяпровождением. А инста меня просто не привлекает, так как считаю некоторые посты не отражающими реальность. Но все же присутствует чувство что я что то упускаю.",ALL_OR_NOTHING,Believes 'единственный' (the only one).
"Те кто считает ЛГБТ нормой или естественным процессом, сильно ошибается. Можете судить как угодно, но это только моя точка зрения. Все мы знаем, что цель жизни - максимально продолжить род, расплодиться и остаться в живых. Для этого существует много инстинктов выживания и размножения и у людей и у животных, а также сама эволюция - адаптация, максимальные усилия для сохранения жизни и продолжения рода. ЛГБТ полностью не удовлетворяет эти принципы природы, лишь разносят болезни. Это психологическая болезнь- порождение пропоганды. Не существует генов ЛГБТ ('Nature', the scientists conducted this study by collecting DNA from more than 470,000 people...)",NOISE,Expresses strong personal opinion.
"Ебанный рот этой субботы, две мидки по математике и механике, я нихуя не готовился и теперь сосу член. Пацаны не откладывайте все на потом",NOISE,Venting frustration about exams.
"Пожалуйста пожар ешқашан шынымен болмасыншы, мен сасқалақтап, паника боламын всегда сондай кезде????????",ALL_OR_NOTHING,"Uses absolutes ('never', 'always')."
"Всем привет, подскажите вот, какие маты в джиме джимные, а какие люди приносят с собой. Просто иногда на стойке лежат цветные, и не понятно можно ли брать попользоваться ими. Возможно бывали случаи, что я брал кого-то пока он/она отходил(а) и было бы неудобно, сори если че:(, но я хз",NOISE,Asking for practical advice.
"Люди с розацеа, как вы ухаживаете за своим лицом? До ухода у меня было идеальное лицо, щеки иногда краснели из-за духоты. Сейчас же они красные постоянно, то в большой, то в меньшей степени. Я уже не знаю что делать. 
Уход за лицом был разным, не помогает, как будто только хуже делаю. И я не знаю это из-за неправильно подобранного ухода или просто так совпало, что когда активно начала ухаживать появилась краснота.",DISTRESS,Expresses helplessness about skin.
"так тупо, что тебе может прилететь штраф за не выброшенный пакет мусора или грязный подоконник, но на полах в некоторых (во все не ходил) туалетах универа буквально можно найти черную плесень. я не говорю, что штрафов и проверок быть не должно, просто пусть универ соответствует стандартам, которые он сам же и пишет",NOISE,Criticizing university policies.
"Я не люблю людей, которые много болтают. Они все несут какую-то хуйню с умным лицом и такое чувство, будто всех это устраивает. Как только я делаю замечание их пустословию, они чувствуют себя пойманными, а остальные не вдупляют и не понимают к чему это было. Может проблема во мне? Но неужели только у меня с этого горит",ALL_OR_NOTHING,Generalizes about 'все' (all).
"Почему регу с айей шалкар сделали только 2 минуты? я оч хотела с ней увидеться и в принципе она для меня role model, и пока я это все писала в вопросе уже разобрали места. вроде ивент будет в орандж холле, и раз они знают что будет много интереса то почему не взяли мейн холл, и сделали хотя бы минут 10?",NOISE,Complaining about event organization.
"Bruh, нынче так много зумеров не понимают что я говорю for real( Возможно я слишком gyatt queen, они не вывозят ибо мой rizz зашкаливает. Нормисы не чувствуют мои саси бака вайбы. Они пытаются ratio меня, но я всегда W! И эти пипс реально думают, что они поггерс, пик интернета незная самых базированих слов, на самом деле вы скибиди, которых легко зарикролить))) Чек мой дрип, я не одеваюсь как bomboclat нёрд и я не нпс)) Можете коупить, вам никакой лукмаксинг не поможет",NOISE,"Boasting, external anger/complaining."
ema guys I am so tired kogda she uzhe use zakon4itcsa,DISTRESS,"Expresses exhaustion, emotional pain."
"Люди, если я не буду оставаться летом закрывать ген кем 2 и не задеклейрю био то скажите плиз потом как что все будет и как вернутся обратно на био?",NOISE,Asking for advice/information.
я не пон на все пары на час раньше ходить терь и как раньше,NOISE,Asking for clarification.
Я так понимаю тут все про своего друга в AEISEC подумали,MIND_READING,Assumes others' thoughts.
"Государство хочет лишить нас лучшего вуза страны, опустив его в говно. Еще удивляются, почему талантливые и способные подростки улетают обучаться в другие страны Европы и США. С вероятностью в 90 процентов они и остаются там жить. Нет чтобы постараться вывести другие ВУЗы в Казахстане на такой же уровень, что и у НУ,  при помощи увеличения их бюджета. Великолепно,  если НУ все таки опустят в говно, я перепоступаю заграницу. Я патриот, я вернусь обратно, но смотря на действия государства, ставлю под сомнение свой патриотизм.",NOISE,"External anger, criticism."
"Всегда чувствовал превосходство над другими, что я умнее, схватываю вещи быстрее. В НУ проблема не ушла. Это проблема?",NOISE,"Self-reflection, asking question."
"Привет всем, мой друг иностранец ищет работу в центре английского языка на парт тайм или на пару часов, спасибо за ответы!",NOISE,Asking for help.
"Будет ли сегодняшний гараж сейл еще раз? Мне только вечером скинули зп, не смог нормально ничего приобрести ????????????",NOISE,Asking about event.
Пиздец. Ебал я тех кто ставит мидки на четверг в 9 вечера без предварительного согласования,NOISE,"External anger, frustration."
"я так понял все ивенты для девушек и парням нельзя туда ходить, эхх либералы... Даже пукнуть нельзя",ALL_OR_NOTHING,"Generalization, absolute restriction."
"Я точно помню как разлил на себя молоко, но когда я резко встал, ничего на одежде не было. Осмотрел пол, думал скатилось просто, но ничего. Wtf?",NOISE,Describing puzzling event.
"Пидарасы ебаные которые сидят в хаусинге. Блять, они думают что каждый год легко забирать все вещи и таскать туда сюда? Год прошел, не могут решать проблемы. Блять пиздец, я в ахуе. Наглым образом показывают свое похуистическое отношение.",NOISE,"External anger, frustration."
"почему нишевцы и некоторые ктлщики склонны в повседневной жизни разговаривать на русском? и я не переувеличиваю, прям почти все из этих школ общаются на русском, когда говорю на казахском, отвчают на русском. родной язык(казахский) используют ну очень редко. такого от лучших учеников Казахстана не ожидал",NOISE,"Societal critique, complaint."
"У меня паника из-за опен кампус,боюсь что,что-то плохое может произойти",DISTRESS,Expresses panic and fear.
чувствую себя пустым и никому не нужным. Не вижу смысла существовать впринципе. Вещи котрые приносили удовольствие кажутся обыденностью. Все кажется одинаковым и рутинным. Я  не люблю свою семью и окружение. Не хочу никого знать и видеть. Мне хочется исчезнуть и не чувствовать больше ничего. Что делать? Я устал страдать. Каждый год одно и то же.,DISTRESS,"Expresses depression, anhedonia, suffering."
"Почему мне все старшаки, что линейка очень легкий курс? Бляяяяя и где же она легкая, пииииздееееееееееееееец, меня изнасиловали. Нахера я так яростно регал Ардака, если мидку все равно Жибек из адского котла достала. Пиздец а не курс. Я хочу выпилиться АААААААА",DISTRESS,"Expresses extreme frustration, self-harm ideation."
"Периодически у меня появляются проблемы с головой. Не могу уснуть, не могу проснуться, вижу странные сны, в голове всегда заедает какая-то песня(просыпаюсь а мозг будто работал всю ночь), тревога, а еще мигрень.  What could this be?",DISTRESS,"Describes anxiety, sleep problems."
"я так устала, отчислилась с ну, поступила в какой то рандом уник, теперь чтобы было что жрать рву жопу пишу статьи которые даже не проверяют на оригинальность и ставят автоматом 50. работаю на ночной работе которая меня измотала, снимаю кв с долбаебками которые не знают личных человека. понабрала рассрочек и теперь страдаю от отсутвия денег и желания жить. сухур мен ифтарга жейтын тук жок болгасын ораза устамадым. 500 жыл бурын алган вакамен коректенип журмин, может реалтно сдохнуть?",DISTRESS,"Expresses severe distress, suicidal ideation."
"Мидку по био завалила, я на пробейшен, саму себя не опознаю. Всю жизнь училась хорошо, как сюда пришла все пошло по жопе. Здоровье,менталка в говне, оценки ужасные, я на пробе стою . Остаюсь на лето, ненавижу предметы которые любила когда-то. Мысле о случайной аварии на дороге кажутся идеальнее, парень на расстояние в жопе мира. Скажите что есть выход я с ума схожу",ALL_OR_NOTHING,Views life as total failure.
"Моим родителям по 60 и мы жили и живем бедно. Очень часто экономим и никогда не бывали заграницей. Постоянно они боятся что будет кризис в мире и постоянно вкладываются в квартиры. Не буду говорить точное число, но их больше 10. Как им обьяснить что наш мир стабилен и можно не откладывать 80% от заработка в покупку еще одной квартиры. Хочу чтобы они гуляли и видели мир. Если что я единственный сын в семье и родители еще часто спрашивают почему я этим недоволен мол это все тебе на наследство останется. У кого-то есть схожая ситуация? Как вы смогли решить? Реально ли родителей убедить в этом?",NOISE,"Seeking advice, family situation."
Я думаю мы все можем согласиться с тем что Ардак не умеет объяснять алгебру вообще,NOISE,"External criticism, complaining."
"Вас не бесит стереотип, что есть макароны - дешево и бедно? Тип когда ты ешь макароны в качестве гарнира, странно на тебя смотрят (будь то друзья). Откуда я родом, говорят по сути рожки а не макароны, и здесь всее так не хотят говорить рожки при других. Не знаю, мб у меня шиза. Лично я оч люблю рожки (макароны), и думаю они андеррейтед",MIND_READING,Assumes others' judgment.
"Ребят, я одна застряла в непонятной воронке? Когда в миг я чувствую благодарность, любовь и в другой день полный пиздец, потом счастье и блаженство и опять лютый треш… если нет, то как остановить это????",DISTRESS,"Venting emotional struggle, mood swings."
"Передо мной в очереди к аппарату самообслуживания стоял бородатый парень. Он сначала пробил две пачки фиников, потом уменьшил до одной и вроде бы отложил вторую пачку от себя. Ладно, бывает, думаю оставит вторую пачку. Пробил все оплатил, потянулся за пакетом (не уверен что он пакет оплатил), после чего положил обе пачки фиников себе в пакет. Весело. Бородатый парень, финики, неоплаченная вторая пачка.",NOISE,Describing external observation.
"Пидорасы с вонючими ногами, ЗАЧЕМ ВЫ СВОИ ОБУВИ СНИМАЕТЕ В ЛАЙБРАРИ? Был один еблан у которого ноги пиздец как воняли, в итоге пришлось несколько мест поменять что бы этот запах не достигал моего носа. А этот даун периодически оглядывался на меня, будто бы я его оскорбил этим поступком.",MIND_READING,"Assumes other's thoughts, reactions."
"Бля как же меня забавят люди, которые говорят прочитай сначала литературу по этой теме, а потом критикуй. Это как когда говоришь коммуняке, что коммунизм говно собачье, а он тебе в ответ говорит «Перед тем как это сказать, ты бы лучше прочитал Маркса, Энгельса, Ленина с Троцким и Сталиным, и вдобавок Стаса Ай Как Просто посмотри». И другие очевидные примеры есть, которые я предпочту не упоминать.

Блять не все в этой жизни так глубоко, можно просто по поверхности вашей идеологии понять, что она говно.",NOISE,Expressing external anger/opinion.
"все у кого получалось попасть в динс лист, такой вопрос, как? я отчаялся стараться, продолжаю терять нужные проценты. удивляюсь как люди заканчивали уник на красный диплом. можете дать дельные советы, поделиться инста страничками тех кто на красный заканчивал, смотря на кого можно набраться мотивации, буду очень благодарен.",DISTRESS,"Expresses despair, academic struggle."
"Мне кажется, что в нашем поколении все неженки какие-то
кому-то убраться и приготовить покушать, встретить гостей, ладить с детьми, помогать своим родителям тяжело вдруг стало

вы уже взрослые люди если что, напоминаю",ALL_OR_NOTHING,"Generalizes ""everyone"" as wimps."
"Просматриваю канал с IT вакансиями в кз. Вопрос: всегда ли были зп мидлов 300-400к, а джунов ~200к. Это у меня ожидания о зарплатах высокие, или мне такие вакансии просто на глаза попались?",NOISE,"Seeking information, clarification."
"Надо ли всем отрабатывать 3 года после универа? А если я на декрет сразу выйду? А можно ли отработать до выпуска с универа? Как можно избежать отработку, есть ли другие варианты?",NOISE,"Asking for advice, information."
"Мне одному ну прям совсем не чалится во время брейка?
Как себя не заставь, дольше 15 минут учиться не получается, даже если во время брейка в библиотеке сидишь.
Как с этим справиться? Страшно, ведь скоро начинается адовый месяц, а я к нему не готов.",DISTRESS,"Expresses fear, academic anxiety."
Останусь ли я такой же тупой к выпуску? Толком ничему и не научусь здесь?,ALL_OR_NOTHING,"Negative self-labeling, total failure."
"«Тяжёлые времена рождают сильных людей, сильные люди создают лёгкие времена. Лёгкие времена рождают слабых людей. Слабые люди создают тяжёлые времена.»
Какие же сейчас лёгкие времена, расплодились феминистки, некоторые пацаны стали на пацанов не похожи, отравленная еда доступна и вкусна (сахар и пластик). Запад внушает нам что каждый из нас личность и человек с большой буквы и нам можно все что угодно в этом мире. Я не знаю что кроме тяжелых времен может исправить этот мир. Жду не дождусь когда в мире произойдет какой то пиздец и тогда то произойдет отбор на достойных и недостойных.",ALL_OR_NOTHING,"Extreme generalizations, black-and-white view."
surely nothing bad would happen to the world if I were to kill myself?,DISTRESS,Expresses suicidal ideation.
"почему я раздражаюсь на маму? у вас бывало такое? моя мама прекрасный человек, она всю жизнь работала, трудилась, всегда покупала то что я хочу, поддерживала и принимала. у нее есть свои недостатки, но overall она не была никогда абьюзивной, не ругалась, не била меня. но когда я с ней сейчас провожу время, меня раздражает что она скажут что то людям в очереди плюс она общительный человек и всегда начинает разговор с незнакомцами. я могу грубо ответить или психануть и начать воспитывать ее. и в моменте я не могу себя контролировать но потом чувство вины затапливает и я чувствую себя как самый ужасный ребенок который не ценит свою маму. я всегда хочу ей помочь и я не могу избавиться от чувства что я какая то не такая. может у кого была такая ситуация, что вы делали? как перестать быть мамой для мамы? :(",DISTRESS,"Expresses guilt, negative self-perception."
Я люблю рис. Я люблю рис во всех его проявлениях,NOISE,"Irrelevant, personal preference."
Это нормально что на первом курсе учиться так трудно? Я уже пздц устала и даже после брейка не ощущаю никакой прилив сил. Я не умею нормально отдыхать и виню себя постоянно что могла бы учиться вместо отдыха. Поэтому постоянно учусь. Скажите что на старших курсах станет легче((((,DISTRESS,"Expresses exhaustion, constant self-blame."
"Civil Engineers, я помню был какой-то гугл диск со всеми презентациями за 3-4курс, можете пожалуйста скинуть?! ОЧЕНЬ ВАЖНО!
Или как можно найти презентации если я alumni?",NOISE,"Requesting information, resources."
"Почему никто не говорит о том что везде перестали продовать бананы? Рил без рофлов, ни в 27, ни в Весне, ни в магнуме или турче нетуууу. Я хочу банан????????????",NOISE,"Situational complaining, external."
"Девочки, как вы боретесь with period cramps во время учёбы? У меня они становятся невыносимыми в первые дни (так что я просто лежу в комнате и ничего не делаю), а затем (в последующие дни) они постепенно проходят. В последний год я не принимаю никакие обезболивающие, так как не хочу создавать привыкание к этим таблеткам. Я слышала, что вроде лечебные чаи могут помочь. Можете, пожалуйста, поделиться своими советами?",NOISE,Asking for advice.
"Короче как я понял, тут нету никаких выборов. Очевидный нормальный кандидат это Аяна. И все. Не знаю зачем 2 чел подался даже",NOISE,Expressing opinion/complaining.
"я уверена мы все росли на работах дэна шнайдера, таких как АйКарли, Дрейк и Джош, Виктория Победительница и тд. чел всегда сексуализировал актеров и ментально издевался над всеми своими работниками. мне интересно нормальными ли выросли мы, те кто рос на его работах.",NOISE,General reflection/question.
"Наблюдая, куда проваливается страна (и универ в частности), я думаю, можно сказать, что 20-е будут новыми 90-ми, а может, и похуже. Будем рассказывать детям, какой был кризис и разгул криминала (если выживем).",NOISE,Pessimistic social commentary.
"у кого-то бывает такое ощущение посредственности, что чем бы ты ни занимался ты всегда посредственен? меня уже так напрягает это, такое чувство, что я кроме учебы нигде ничего не могу достичь, даже среднего результата
понимаю что странный пост, но может есть те, кто меня понимает",ALL_OR_NOTHING,"Always mediocre, never achieve."
"У мен сегодня день рождения, но все шутят ????",NOISE,Situational complaint/observation.
Я и не думал что Джоан Роулинг такая замечательная женщина. Всегда выдает базу,NOISE,Expressing positive opinion.
"We have to admit it, putting on extreme amount of hard work does not pay off all the time. Only super special ones (which are very few) will make it to the huge stage to become a star. However, you never know, there is only an option to keep trying until you're there. If it fails, well, even if it might sound so banal to you, you can definitely say to yourself 'At least I tried'. Sometimes simple stuff has to be said to reassure yourself",NOISE,Reflective advice/observation.
I love foggy days because I know that everyone also in a fog,MIND_READING,Assumes everyone else feels.
Мне кажется в нашем универе все черные одним адикалоном пользуются,ALL_OR_NOTHING,Overgeneralization about a group.
"Я никогда не пойму тех людей, которые не смывают за собой в туалете. 

Пожалуйста, смывайте за собой!",ALL_OR_NOTHING,Absolute judgment ('never understand').
А почему на Ну Десайдс такой стремный звук был? Мне кажется у всех вокалистов выступление было бы лучше настроили бы они звук хоть как то…,NOISE,Situational complaint.
Я удалил тот тупой отзыв с тугиса. Поздравьте меня,NOISE,Sharing personal update.
"Я вот вижу фонды помощи пострадавшим от наводнений и тд. И вот, какой в этом смысл? Смысл фондов. Это ведь не единичный случай чтобы можно было сделать фонды. Такое каждый год случается. А те кто сидит наверху ворует и жрет и нихуя не делает. А простой народ возмещает эти ущербы через фондов. Вот представьте, власть должен все контролировать, но нихуя не делает и ворует. Страдает люди, люди теряет и имущество. Другие обычные люди возмещает им через фонды, и власть сидит опять. Через год такое опять повторится. В этих ситуациях благотворительные фонды как будто убирает следы преступлений. Я согласен с тем что фонды приносит пользы в катастрофах, но когда такое ситуация повторяется каждый год, это только вредит.",NOISE,Social/political commentary.
"Те кто оркестр критикуют - ебальники закрыли нахуй слишком воняет у вас изо рта, охуевшие пидорасы. Оркестр вы молодцы, охрененно выступили, спасибо вам за эмоции!! P.S - я не мембер оркестра. Всем пис",NOISE,Expressing external anger.
"хочу поговорить о теме насилия, мне кажется вы не поняли что имели люди в подкасте Орта, они говорят что ответственный за твою жизнь только ты и от твоих решении зависит твоя судьба но виноватый конечно насильник, то есть не ходить ночью, не ходить в опасные места, а насчёт одежды я не совсем согласен, но при открытой одежде харассмента не физического много, 
я считаю физический харассмент не связан с изнасилованиями, потому что если человек захочет он не посмотрит на одежду, поэтому не берите все из контекста",MIND_READING,Assumes others misunderstand.
"Если после 4 года один год поработать, позволят ли поступить на магистратуру? Мне ничего не будет, я не знаю, штрафов?",NOISE,Asking for information.
"Почему на выборах нет варианта я против всех?
Абстейн деген вообще не то, будто бы просто стараются никого не обидеть",NOISE,Expressing political opinion.
"Я считаю что соляк отель Калифорния был самый мощный среди всех соляков
Но по сути как фанат проявления рока в любом виде, я так рад что у нас в унике был такой ивент
Арт революшн настоящие молодцы",NOISE,Expressing strong opinion.
"Кнб шник ещё и кс ник что за. Кажется я даже боюсь раскрыть про него, а вдруг он тут просто легально никому не мешая учиться :)",NOISE,Personal observation/fear.
Настолько одиноко в унике что могу целый день не говорить вообще ничего. Вечером дома даже издаю рандомный звук чтобы вспоминать какой у меня голос...,DISTRESS,"Expresses intense loneliness, emotional pain."
"Upd: мне все ещё не вернули деньги, пижу каждый день",NOISE,Situational complaint about money.
"Я подошел к реке, думал умереть утонув. Но просто посидел. Не смог. Не захотел. Сейчас иду по набережной.",DISTRESS,Expresses suicidal ideation.
"Я так и не понял почему Латино станцевали на эвордс. Там не были никакого аудишна что ли?
Их номер блекнет на фоне всего остального.",NOISE,"External critique, personal opinion."
"очень обидно за қазақстейдж. Надеюсь вы не будете долго грустить :(
Для меня вы всегда победители!",NOISE,"Expresses sympathy, offers encouragement."
"ну почему у меня весь движ происходит в одно и то же время бляяяяя, как заебало
как намечается у меня че-то очень важное с учебой или работой связанное, то так сразу друзья все кенты просыпаются, куда-то собираются идти повеселиться, и я остаюсь как лох один
как такое контрится ваще",NOISE,"Situational complaining, feeling left out."
"ребят срочно нужна помощь по калк2, такое ощущение что я ничего не понимаю, даже если решаю по текстбуку: чалю темы оттуда, но не могу решить проблем сеты… напишите пж кто готов помочь просто объяснить",ALL_OR_NOTHING,Absolute statement of failure.
"блин просрал все важные ивенты, как мне жить?",ALL_OR_NOTHING,Absolute statement of total loss.
"Мне кажется надо в будущем всерьез заниматься целесобразностью того что мы занимаемся рожанием 2500 слов по казахскому в качестве финальной работы, особенно технарям. Надо установить чтобы было максимум 1000. Это просто пиздец как надо воду лить",NOISE,External complaint about requirement.
"Сообщение отправку которого я еле сдержал: И если честно не очень красиво в последний момент говорить что не сможете прийти на офис аурс а затем как я сходил даже не поинтересоваться что было у нас не так, и не обсудить наши следующие шаги. У всех есть дела, работа и тд , но прошу понимать что это групповая работа до самого конца и ждать от одного человека действий не правильно. ..АААА как же бесят групповые работы, бесит когда все опаздывают и не приходят во время, бесит когда ждут от тебя указаний и понимают что ты ответственный , что сами ничего самовольно не сделают.",NOISE,Expresses strong external anger.
С КАКИХ ПОР ВСЕ НАЧАЛИ СМОТРЕТЬ ГРИФФИНОВ НА ФОНЕ???? Я ИХ СМОТРЕЛ ДО ТОГО КАК ОНИ СТАЛИ МЕЙНСТРИМОМ,NOISE,Lighthearted complaint about mainstream.
"Почему в калке 2 так дохуя разных тем? Я вроде все знаю, но все все равно вылетает из головы…",ALL_OR_NOTHING,Absolute inability to retain information.
"Такое ощущение, что 'Что происходит?
Все планы идут наперекосяк, все стратегии начинают проваливаться, и тебе кажется, что время пролетело слишком быстро, а ты остался позади, и вот уже неудача стучится в дверь, и все получат то, что хотели, а ты останешься один, впереди темные времена, и это конец.

В эти времена, мой спутник, нам нужна ясность,
и вопрос: “Что ты будешь делать?” ,
Неудача не вечна, она “формирует”.
Эти времена высокого давления, эти трудные времена, они не для того, чтобы остаться, они для того, чтобы выстроить вас, это давление и абсолютная темнота, она здесь, чтобы заставить вас быть сильным, Так что же вы будете делать?
Сядете ли вы в темном углу комнаты, заплачете и скажете: “Я обречен”, или снова встанете на ноги, посмотрите проблемам в глаза и скажете: “Я никуда не уйду”.",NOISE,"Motivational speech, not personal distortion."
"я агностик, но никогда не пробовал свинину. есть ли еще люди такие? вы планируете попробовать или также будете избегать это блюдо?",NOISE,"Asking a question, seeking opinion."
"всем хорошей и продуктивной недели, и мне в том числе!",NOISE,"Positive greeting, well wishes."
"Qluqva, перепробовал бы все ваши бабл ти, но у меня диабет( Есть ли у вас напитки с сахзамами?",NOISE,"Practical question, situational."
Меня беспокоят больше всего деревья. Опять похолодание и листки упадут так и не появившись. Вот такая вот природа.,NOISE,External concern about nature.
"Чето все забыли про Боку но пико, я не позволю вам!",NOISE,Humorous statement about anime.
"Очень бесят взрослые люди ученики которым преподаю английский. Люят ставят свои приоритеты и требования выше моего метода преподавания. Я блять просто так чтоли задаю домашние задания. Они умудряются это не делать. На уроке нихуя не записывают даже если я говорю чтобы записали. Слова не учат. Грамматику матчасть не хотят учить. Потом приходят с пеной у рта говоря что я что-то неправильно делаю. Еще и спрашивают почему они не могут все еще разговаривать на английском. Блять, они чем думают когда приходят на уроки? Кто-нибудь преподавал взрослым? Мне одному такие попадаются? Долбоебы борзые, пидорасы блять. Охуели. Да пошли они нахуй суки",NOISE,"Extreme anger, external complaints."
я в раздевалке в библо оставил футболку допустим но смогу забрать его через 2 недели - никто не заберут же? знаю что людям так пофиг на мою футюолку но все равно,MIND_READING,Assumes others' indifference.
"пиздец, читаю как некоторые пишут по 4-5 историй, и понимаю, что у меня даже 2 не наберётся... больно читать 

берегите себя",DISTRESS,Expresses personal pain/sadness.
"бывает я живу живу, вроде все норм. Потом я вспоминаю что меня ебал мужик вдвое старше меня за деньги, и не хочу больше дышать. Господи какая же моя жизнь конченная",ALL_OR_NOTHING,Global negative self-evaluation.
"Love the pain. You will encounter suffering, humiliation along your journey. You should emrace the pain, accept it, love it, because it is real. Pain is the only way to change. In the end pain is here to ask you a simple question - do you really want to achieve your goal, or are you just a talker. I love the pain, I embrace the ugly, miserable, the pain. Just shut up, and enjoy the pain.",NOISE,"Philosophical, external motivation."
"there's nothing the matter with me, nothing's the matter with me",ALL_OR_NOTHING,Absolute statement of perfection.
"Lace Me теперь всегда будет ассоциироваться с прекрасными днями в НУ. Masterpiece! Нысан, продолжай в том же духе!",NOISE,Positive comment/appreciation.
"почему все говорят что вллщикам трудно найти работу и правда ли это? я так же рассматриваю социологию, но вот думаю, будет ли потом трудоустройство в кз?",NOISE,Asking for information/advice.
"Нужны контакты ЕНУшников, которые шарят за общежитие и что делать если не дают возможность остаться в общаге ЕНУ. Знакомый там не шарит что-как, да я знаю он очень социальный. Со мной не хочет общаться на эту тему и я боюсь. Пожалуйста помогите, он может стать бездомным в след году",NOISE,Asking for help.
"я случайно выигрвл 2 миллиона, что лучше всего делать с деньгами?",NOISE,Asking for advice.
"Вот и прошел мой первый курс в унике. За этот год не смогла по настоящему сблизиться ни с кем. Не нашла лучшую подругу. Все люди вокруг всего лишь максимум хорошие знакомые. Перейти на новый уровень отношений для меня очень сложно, как будто все просто мимолётные знакомые и у всех свои лучшие подруги. Хочу бестис как у других девушек с которыми они проводят много времени вместе и духовно тоже близки. Чувствую себя очень одиноко, завтра собираюсь домой и дома тоже не очень хорошая атмосфера, как перестать чувствовать одиночество.",DISTRESS,Expresses profound loneliness.
"Всем известный факт то в зеркале мы красивее чем на фото из-за того что на фотографии развернутое изображение, а в зеркале - зеркально отраженное, но даже без этого я выгляжу уродливо на видео. Все из-за мимики. В зеркале я вижу себя и контролирую мимику, но без него я могу зажимать губы, щуриться или странно улыбаться. Снимала себя со стороны по приколу когда готовлю и была в ужасном шоке…
Как научиться выглядеть хорошо всегда? Есть какие-то советы, проверенные методы? В голову приходит только снимать себя почаще когда занимаюсь своими делами и исправлять",NOISE,"Self-criticism, seeking advice."
"Я конечно все понимаю, но ЗАЧЕМ НА ПАНИНИ В ДЕЙЛИ ЦЕНЫ ПОДНЯЛИ ОНО ВООБЩЕ РАНЬШЕ 1100 СТОИЛО А ЩАС 1600 ЧТО ЗА ФИГНЯ",NOISE,Situational complaining.
"Чем вообще заняться в Астане? У меня три недели отдыха есть и кенты все разъехались, даже хз чем себя занять.",NOISE,Asking for advice.
"Пиздец бля 
Перваш, в фолле по учебе всё было вполне даже хорошо, а в спринге на грани лишения стипендии. Из-за этих жизненных обстоятельств я так устал уже",DISTRESS,Expresses exhaustion and frustration.
"Мне нужна инфа по отработке после уника. Как можно облегчить эту участь? Можно ли найти дистант. работу и все равно уехать? Можно ли уехать на магистратуру загран, а уже после неё отработать? Можно ли начать отрабатывать пока учишься?",NOISE,Asking for information.
"Ребята, если отправил студент хелз справку 075 но они мне ничего не ответили это нормально?",NOISE,Asking for information.
"Всем привет, я кс-ник первого курса, который собирается перевестись на матем. Я не закрыл линейку и боюсь что ворклоуд на 2 курс будет сильным. Как вы думаете мне лучше закрыть летом линейку или будет норм если я его на 2 курсе закрою ( но желания остаться в своем городе сильное).",NOISE,"Expresses fear, asks advice."
"Мои русские знакомые всегда жалуются на расизм в их сторону. Я не знаю, как реагировать на этот бред, честно",NOISE,External complaint/confusion.
"Если кнопка сенд ту эдвайзер горит серым это значит я случайно на нее нажал? Или она у всех так? 
Я в вл если важно",NOISE,Asking for information.
"Мой младший братик шарит за политику и мне от этого плохо. Ему 10 лет, он хорошо разбирается в истории, но я считаю ребенок не должен задумываться о политике. Политика это всегда пропаганда, и надо понимать, что пока ты сидишь и принимаешь свою дозу пропаганды, с другой стороны дискуссии сидит такой же человек и принимает свою дозу, но уже другой пропаганды. Это ещё иногда называют воспитанием, что может ещё хуже сказаться на подрастающем поколении. И никто из вас в большинстве случаев не согласиться с одним фактом, опровергающим вашу пропаганду, к которой вы привыкли.
Давайте нация не будет определять, поддерживает ли человек методы определенных властей – для счастливой жизни вам не надо быть на той или иной стороне чаши, будьте выше этого",NOISE,General social commentary.
"Я так устала. Ничего не выходит, родители ставят на мою учебу всё, а я на пробейшне. Жить с ними ещё невыносимее чем справляться с учебой. На меня давят якобы из-за меня приходиться вкладывать а я не помогаю никак и не инициативная. В отношениях мне кажется ему нужна более любящая чем я, я вообще не его типаж. В работе нихера не получается. Вчера гуляла по мосту и подумала что хочу прыгнуть, помню что течение давно в 17-18 лет убило так тетю, пробежали эти мысли пару дней назад. А сегодня после ссоры с матерью вообще это уже звучит как план. Наверное я очень слабая для этой жизни и универа. Я очень устала. Я не вижу места в этой жизни для себя. Простите, что вам это пишу",ALL_OR_NOTHING,Statements of total failure.
"привет всем! если кто выпускается из нусома, и у вас только один гость. можете оставить комментарий? мой близкий человек прилетает с другой страны ради этого, и если была возможность, я бы хотела чтоб он присутствовал. можем договориться, это не будет даром. просто пожалуйста, если есть такие люди, оставьте комментарий ????????",NOISE,"Situational request, seeking help."
"Это правда, что люди в нашей стране пьют в основном чай без молока? Уже поссорился с тремя друзьями из-за того, что наливал им чай с молоком. Они знатно так обматерили этот чай

Сам из Уральска и в нашей семье всегда пьют чай с молоком. В НУ заметил, что если пьют чай, то без молока, но я думал пьют так, потому что молока нет или ходить впадлу",NOISE,"General discussion, cultural observation."
"Всем привет!

У меня близкая подруга лудоманит жестко, что можно сделать? Есть ли специальные места в Астане, где ей смогут помочь избавиться от этого? Пожалуйста, помогите :(",NOISE,Seeking advice for friend.
"заканчиваю 2 курс. никаких академ достижений, достижений вне универа нет. особо ничего не умею. но хочу начать исправляться, так как потом в магу и на разные программы подавать хочу.

как и чем можно за лето и фол 3 курса апргейднуться? какие скиллы можно прокачать и как?

буду очень благодарен если найдете время на развернутые ответы:) хе-хе

P.S но пж давайте без 'не надо чисто ради сивишки делать'. мне сейчас так надо, его наполнять с нуля. поймите ситуацию человека.",NOISE,"Seeking advice, self-improvement."
"Ешқашан мұңаймашы. 'Асылып өлемін, өз-өзіме қол жұмсап' - нахуй керегі бар оның? Біреудің көті қисаймайды оған, әлде мүйіз шықпайды біреуге. Просто өмірді өзің үшін сүр. Мен сияқты болшы!",NOISE,Giving blunt advice.
"Вам не кажется, что у людей все чаще и чаще появляются сезонные аллергии? В детстве например у меня такого не было. Некоторые говорят что это связано с полигоном в Семее и проявлением радиации..",NOISE,"General question, observation."
"Я устала думать кем я стану после универа, как заработаю на кв, машину и тд.",DISTRESS,"Expressing fatigue, overwhelmed."
Пришло письмо с апрувом дорма но я не собираюсь летом в дорме. Если заигнорю все ок же да,NOISE,Practical question.
"3х летняя отработка это самая глупая честно полиси. Откуда мне знать что я хочу сразу после универа? А может я хочу на магу, а вдруг через год работы я пойму что мне нужно пойти и учиться потому что я недостаточно умет в этой сфере? Может я вообще захочу поменять сферу.  Но нет, надо работать еще 2 года потому что так надо. Просто была бы возможность уйти на магу через некоторое время, а не только через 3 года работы. Государство реально думает что я уже все знаю о себе? Было бы лучше если бы была возможность уехать на магу в любой год. а тут теперь придумывай как пройти эту схему",NOISE,Complaining about policy.
"Перечислите все минусы быть Астана резом и не жить в дорме. Мне нужно составить список и кроме режима сна, нехватки времени ничего грандиозного не приходит в голову. Только без шуток",NOISE,"Seeking information, opinions."
"Бляя, где найти норм работу в Астане на лето?? С зп 200к+.я в ахуе от вакансий, людям с высшим образованием типо юриспруденции, бухгалтерии, фармакология предлагают зп 250к,как я должна найти норм работу. Кому нибудь нужен работник, хороший? Я возьмусь за все что угодно",NOISE,Venting external anger.
"Что делать в таких ситуациях с мамой? На психолога у меня денег нет, поэтому я спрашиваю тут.

Только что я загружала посудомойку, приходит мама, спрашивает почему у нас дома вечно срач и молча начинает загружать ее вместо меня, хотя я уже начала и спокойно загружала посуду. Ну я и ухожу. 

А теперь она разозлилась и ведет себя агрессивно. Что делать? Как поговорить, чтобы не вывести на больший конфликт?",NOISE,Seeking advice for conflict.
"Марко Ройс, мой любимый Марко Ройс… Все равно легенда, все равно достоин всего наилучшего в мире…",NOISE,Expressing admiration.
"Что прикреплять в подаче на дорм, чтобы доказать, что отца нет? Они с мамой никогда женаты не были и он просто ушел от неё когда я был зачат. Всё что я знаю о нём это ФИО (по свидетельству о рождении). Какие документы прикреплять?",NOISE,Practical question.
Что будет если я не оплачу дорм на лето? Мне его предоставили,NOISE,Practical question.
"Я втораш КС и моя девушка не смогла поступить сюда. Предлагает тоже уйти и поступить с ней зарубеж(Италия, мол апликэйшены еще открыты).  Я хз как отказать или все же уйти с ней???",NOISE,"Seeking advice, indecision."
"я не могу смириться с тем что моя сестренка взрослеет. Она мне всегда кажется такой маленькой и миленькой. Я понимаю что это мои проблемы, но когда вижу что она уже мыслит и действует как подросток, у меня чуть чуть болит сердце потому что понимаю что она уже не моя бопешка.",DISTRESS,Expressing emotional pain.
Никто не предупредил меня о том что взрослая жизнь это так одиноко,ALL_OR_NOTHING,Uses absolute 'Никто'.
Никто не читайте последнюю главу Человека-Бензопилы. Я вас предупреждал,NOISE,Giving advice/warning.
"Мне морально больно. Со мной мало кто хочет общаться just cause I got a bad reputation. 
Это все ложные слухи, с которыми я не боролся и игнорировал целый год, думая что все пройдет. Никак нет, для всех это стало чистой правдой и опровергать уже поздно. А мне очень неприятно от предвзятого отношения. Даже незнакомцы, которых я знать не знаю и с которыми даже нет общих знакомых меня оскорбляют. Что делать?",MIND_READING,Assumes 'для всех это правда'.
Ерасыл К. это была худшая речь из всех что я слышал,ALL_OR_NOTHING,Worst speech ever heard.
"Сәлем қыздар! 
Сіздерге бір өтінішім бар еді. Кім жүзуге үйрете алады?) I can say I am totally zero at swimming, but want to lear it. Somehow afraid to lear it alone, батып кетемін ба дегендей. 3-4 рет бірге барып үйретіп жіберетін адам болса комментке жазып кете аласыздар ма))",ALL_OR_NOTHING,Totally zero at swimming.
"Поступил на магу во Францию. Программа длится два года, после этого мне будет 23. Меня военкомат не будет искать пока я в другой стране? После маги надеюсь устроиться на работу во Франции. Как можно всё так сделать, чтобы в армию не забрали? За все эти ваши военные кафедры, воинские учеты вообще не шарю. Как-то проворонил все это, а теперь вдруг заволновался",NOISE,Asking for practical advice.
"Дали шанс после аппила. Я поверить не могу как так то с моей ситуацией все еще оставили. Спасибо. 
Вопрос есть: дали шанс на еще один семестр это имеется ввиду осень или лето?",NOISE,"Expressing gratitude, asking question."
"Я устала слышать, что я доска. Мой bf постоянно говорит мне накачать зад и есть капусту для груди. Мне жутко стыдно за свою худобу, а gain weight очень сложно. Иногда на улице люди комментируют мою худобу и реагируют они плохо. Я хочу быть стройной и красивой, а не все это..",DISTRESS,"Expressing shame, emotional pain."
"Кому-нибудь еще пришел вл от мастерс НУ? Это у всех или только у меня написано, что '...you are at the bottom of the ranking list...'? Это дефолтное сообщение или они показывают, что я в конце списка?",NOISE,Asking for clarification.
Мне кажется студенты всех вузов должны выйти на митинг против отработки. Так как это скорее трудовое рабство.,NOISE,Suggesting collective action.
"Мне одному всегда очень хочется спать с 16:00 до 6 вечера, и не чалиться нифига?",NOISE,Asking about common experience.
"В комнате на светильнике на потолке ночью можно увидеть как горят красные огоньки оттуда. Без шуток пожалуйста, я просто параноик.) Только заметила. Датчики дыма?  У всех же такое? Или почему может быть?",NOISE,Asking for explanation.
"Почему многие считают что в случаях с жертвой и агрессором всегда виноват только агрессор? Бесспорно агрессор всегда виноват в большей степени, но временами действия жертвы тоже являются причиной трагедии. Условно если я ночью решу пройтись по темной улице где мне скорее всего дадут пизды/ограбят/убьют то разве вина не будет частично лежать на мне?",NOISE,"Philosophical discussion, debate."
"В последнее время хочется уехать жить далеко на север страны. Лет 5 назад в Астане ещё жить можно было, а сейчас на каждом углу мамбеты, свистящие, орущие «щщс акес суйтсей буйтсей», бородачи скандалящие в очередях, маленькие девочки в хиджабах. Мрак. Я не говорю, что все южане такие, у меня есть вполне культурные знакомые оттуда, но многие будто не учатся цивильному образу жизни тут в столице, а устанавливают свой привычный и город превращается в клоаку.",NOISE,Expressing external frustration.
"очень надеюсь что пока я жив, казахстан все таки станет центральноазиатской скандинавией",NOISE,Expressing hope for future.
"Ребята, я недавно пробил в гетконтакте. И там показывается все мои адреса. Как убрать это не знаете?",NOISE,Asking for technical advice.
"велосипедное комьюнити самое отвратное
велосипеды себе смотрел, в тт в рекомендации начали видосы попадаться, так там бля в комментариях такой пиздец пишут по типу

ты либо катаешься на углеродной золотокаталке с шимано ультегра а лучше сразу дюра эйс с электроприводом на шоссейнике
либо вообще не катаешься потому что если ты на первый велосипед не тратишь тысячи 2 долларов минимум, значит педали крутить это не для тебя
зачем ты взял *любой бюджетник*, фу ашан байк, самый низ низов мне было бы стыдно такой даже на мусорку везти, иди купи эндюренс топовый заебал",ALL_OR_NOTHING,Community 
"Привет, ребят. Наконец я начну получать хорошую зп и хотел бы задуматься о том как правильно научиться работать с деньгами, приумножать их, а не просто копить. Кто-нибудь занимается инвестициями? Как можно научиться потихоньку инвестировать? Есть ли уроки/онлайн курсы для этого? Можете порекомендовать таковые или дать советы по тому как умно обратиться с накопленными деньгами? Всем спасибо!",NOISE,Asking for financial advice.
"Я не плакал года три-четыре. До сегодняшней ночи. 
Пока близкий друг рассказывал о том как не хочет терять своего деда, слезы лились сами по себе",DISTRESS,Describing deep emotional experience.
"Мы сдавали форму 063 (ныне 065) при поступлении в уник? Я просто помню, что в последний раз держал её в руках после 11 класса. Иногда по ошибке сдавал оригинал таких форм или флюорографию на работу, что означает, что, скорее всего, я сдал оригинал 063 универу. В таком случае могу ли я получить её обратно и к кому обратиться? Рахмет!",NOISE,Asking for practical information.
"ребята

у меня есть шрамы от сэлфхарма на руке внутренней стороне. до этого родителям было все равно и как то никто не замечал но впервые еду на настолько долгий период и страшно что спалят.  Что можно сказать чтобы отмазаться кроме как сказать что их избиения в детстве сделали меня ментально больной и я на грани суицида",DISTRESS,"Expressing fear, self-harm history."
"первый курс прошел и ничего абсолютно сделать или хоть чего то достичь не смог, в резюме мне добавить практически нечего кроме образования, как составлять его я не знаю, с чем теперь стажировки искать тоже хз. жизнь проносится а я сижу на попе и стагнирую",ALL_OR_NOTHING,"Absolutely nothing achieved, stagnating."
"Не думаю, что совсем на блате учиться возможно в НУ. Гораздо легче в какой-нибудь шараге, где не надо даже появляться, все за деньги будет решено. Здесь я все таки думаю, нужно хоть как-то напрягаться, поэтому даже если кто-то буст получил в адмишинс, то он все равно не совсем безнадежный. И вообще разница не особо большая с теми кто несколько лет назад поступил с вл с баллами ниже минимальных требований, потому что в тот год резко увеличили количество студентов для потока. Но вообще конечно ситуация не очень, но по сути в других универах, например сша, можно поступить как legacy или за donation. Same thing tbh.",NOISE,Discussing university admissions.
"Я окончательно разочаровался в либералах. Организовать убийство противника это уже перебор. Всегда говорил что эти твари не умеют в политику, они чистое зло. Слава трампу, слава карлену, слава маску",NOISE,"External anger, political opinion."
"Что делать если я 4-курс экон, и мне осталось закрыть 1 трехсотый экон, но там второй приоритет для меня? Третьяши ведь заберут все трехсотые, подскажите пожалуйста",NOISE,Asking for advice.
"Жаль что многие не поднимают эту тему. Но в казахстане лгбт сообществу сложно жить. Я не знаю чего плохого вы в нас нашли? Неужели сложно просто забить на наше существование и не преследовать каждого? Я не виноват что я гей. Я долго молчал но после того как меня и моего парня побили. Я хочу кричать чтобы услыхали все.

Твой Н",DISTRESS,Expressing deep personal pain.
"я попал в НУ по блату, но у меня все равно два динс листа)",NOISE,Sarcastic self-deprecating statement.
"Я на самом деле фейк Бейбибоя и все еще оставляю здесь комментарии и читаю посты, сейчас напишу это со всех других аккаунтов что бы вы знали",NOISE,"Irrelevant, attention-seeking."
"чтобы ра стать, надо свою св показывать, делиться опытом и так далее
я вот студент второй курс, что мне можно вообще в св добавить, у меня ни работы ни опыта ничего, а чтобы это ничего в что-то превратить, надо чтобы что-то уже в св было. я не понимаю помогите",NOISE,"Asking for advice, confusion."
"Пацаны качки. я жирный дрыщ(skinny fat). как решать проблему? 
рост - 188см, масса - 82кг",NOISE,"Specific self-criticism, asking advice."
I am 19 years old and just finished my 1st year. Being unemployed just makes me feel like a failure and i am constantly anxious. Am i the only one?,DISTRESS,"Feeling like failure, anxious."
"мехи 3, 4 курс. кароче такая темка, все вместе скидываемся по 3 стипендии. я там накидал выйдет лямов 20, и небольшую стошку и сменами. каждый в доле, поделим честно, потом уже на республику выйдем потихоньку",NOISE,"Irrelevant, group proposal."
"Писец, шандарахнуло током от гирлянды, спустя 5 минут все мышцы болят, я овощ",ALL_OR_NOTHING,"Hyperbolic self-labeling, total incapacitation."
"Я провела свое лето так ужасно и не продуктивно, прям ничего полезного не делала. Думаю вот в след году взять летник и остаться в Астане. Но чувство что не буду с семьей летом тоже немного тревожит. Летник хорошая идея?",ALL_OR_NOTHING,"Absolute statement, nothing productive."
"В общем, мойка открылась на территории ну для всех (с города в тч). Схема такая - заезжает и говорит на мойку, оставляет машину, а сам топает харасить всех лол. Вот рил, всякие люди заезжают, уже был случай когда вслед мне «по кис кисникли» втф вообще. 
Как хорошо, что я это моц последний год тут, с опен кампусом вообще черти что будет",NOISE,"Situational complaining, annoyance."
"Я очень трепетно отношусь к правилам хорошего тона. Как передать тарелку. Не кричать из одной комнаты в другую. Не распахивать закрытую дверь без стука. Пропускать вперед даму. Цель всех этих бесчисленных простых правил – сделать жизнь лучше. Мы не можем жить в состоянии хронической вoйны с родителями – это глупо. Я тщательно слежу за своими манерами. Это не какая-нибудь абстракция. Это всем понятный язык взаимного уважения.

Джек Николсон",NOISE,"Philosophical reflection, quote."
"Если я сделаю чек-аут(у меня та же комната, в которой я сейчас) платить за 2 недели брейка надо или нет? Или оно все равно в стоимость семестра войдет?",NOISE,Asking practical question.
"А НУшники могут идти волонтерами на Игры Кочевников? 
Просто говорят что будут давать освобождение всем вузам. 

И встает такой вопрос, в НУ такое принимается? Просто я перваш и поэтому не знаю как тут с освобождениями",NOISE,Asking practical question.
"Че делать, если выгляжу на 15, мне 20. Низкий, детское лицо, мало волос на лице и теле.
Все перепробовал: накачаться, поменять прическу, одежду, в общем исправить внешний вид.
Вот думаю взять мазь для роста бороды.",ALL_OR_NOTHING,"Absolute statement, tried everything."
"Бля капец прикалывает какие разные люди бывают в интернете и в жизни. Лично я в инете в спорах не участвую, но часто вижу как некоторые люди могут быть кардинально разными в онлайн пространстве. Да даже тут до фига ярых комментаторов в ВА, которые общаются дерзким тоном на матах, в жизни когда общаешься или видишь их на лекциях и тд ни писка не издают, в глаза не смотрят. Забавно за этим наблюдать.",NOISE,Observation about social behavior.
"Я не понимаю чем занимается МоЕ честно говоря 
Все в курсе про всю хуйню с местами на каз курсы, этой проблеме буквально дохуя лет) 
В этом году вообще пиздец, все места разобраны после первого приоритета, четверашам придется грызть глотки на втором приоритете за место) 
Галия еще подставила, обещала всем приорити оверрайд, по итогу получили еденицы) она же явно видела что на всех мест не хватит, к чему этот цирк??
Ребята из МоЕ или еще откуда то, давайте решим этот вопрос я вас умоляю
Митингка жиналайык забастовка истеп, я серьезно",NOISE,"External anger, call to action."
"Смотрел видео про адронный коллайдер, и задал себе вопрос что если учёные там создадут такие условия которые приведут к вселенскому багу и разработчикам надо будет его исправить и стереть память всем живым существам. В этом случае, переживя этот баг(мгновенную смерть) буду ли это я который осознаю себя сейчас или кто то другой просто вернувшийся во времени. Похожий вопрос задаётся при рассмотрении одной из возможных технологии телепортации",NOISE,"Philosophical, hypothetical question."
I did not touched VS code for 2 months and I already forgot everything like wtf,ALL_OR_NOTHING,"Absolute statement, forgot everything."
"Репетиторы, как побороть страх что у тебя недостаточно знаний для преподавания? Хочу вести занятия, но всегда кажется что all I have is not enough",ALL_OR_NOTHING,Always not enough knowledge.
"Могут ли родители забрать документы с уника и самовольно отчислить студента с уника? 
Родители шантажируют что заберут с уника, а я против. Уже 3 курс оканчиваю, а тут такой пиздец",NOISE,"Situational problem, asking advice."
Я молю организуйте ночной марафон всех частей сумерек в синема холле пока опять не потеплело,NOISE,Suggestion for event.
"Привет всем. У кого-нибудь есть контакты создателя Гардероба? Хотели обсудить кое-какие моменты о партнерстве)

Можете оставить реакцию, я вам напишу хех)",NOISE,Asking for contacts.
"Honestly, I would really like to get known with every internetional student and ask questions about them and just talk, but I always feel afraid to be annoying to them if I approach them randomly.",MIND_READING,Assuming others find annoying.
Вы все притворяетесь что калк 1 легкий или это я аутист ниче не понимаю,MIND_READING,Assuming others are pretending.
"Что делать если когда сижу долго за учебой просыпается тревожность? Не могу сидеть долго, только может быть несколько часов и все, максимум, эта хрень мешает мне сконцентрироваться",DISTRESS,"Experiencing anxiety, cannot concentrate."
Кеттк в четверг на обед все принесем роллтон дошираки покушать кто может. Лично я с 1 до 2 в фф буду,NOISE,Arranging group meal.
"Блять что за дефицит сендвичей в унике, почему их никогда нигде нет. Я соскучался по романовскому але",NOISE,Complaining about sandwiches.
"В последние дни почему-то начала чаще думать о том как справлюсь когда потеряю маму, что со мной станет? Все началось с простых мыслей 'блиин, соскучилась по еде мамы' и резко 'когда ее станет, что же будет?'. Как избавиться от этих мыслей, сижу и рыдаю без остановки...",DISTRESS,"Crying, anxious about loss."
Капец я не одна такая оказывается страдает хотя только 3 день учебы прошел. 3-4 курсники особенно. Все так быстро и сразу происходит. Что сложно дается в академ часть влиться. Надеюсь в скором времени привыкнем к учебному темпу! Всем удачи!,NOISE,"Shared struggle, adapting."
"Всем привет!
я на 3 курсе кс и я все ещё не знаю в каком направлении развиваться. мне очень страшно, потому что многие ксеры-одногодки давно работают и стажируются, а у меня всё ещё нет никакого экспириенса в ни одной сфере айти. подскажите пожалуйста в какой сфере лучше развиваться, что делать, чтобы быстрее влиться в тему и найти стажку ?",ALL_OR_NOTHING,Absolutely no experience in anything.
Норм ли ходить в джим одной? Люди не подумают что я одинокая и у меня нет друзей?,MIND_READING,Assuming others think lonely.
"Срочно, мне и моим подругам кто-то накрутил лайки из-за чего после этого всех нас забанили в Инстаграме, как это решить? Уже 3 день в бане, инстаграм говорит что не вернет

Прошу подскажите",NOISE,Asking for tech help.
"Что делать, если я абсолютно ничего не желаю делать? Все мои хобби перестали вдруг приносить счастья. Бесконечное отвращение к какой-либо учебе или работе. Сесть начать что-либо делать невозможно. Хочется просто все бросить. 
Что можно сделать, чтобы избавиться от такого ощущения? Как заставить начать себя что-либо делать?",DISTRESS,"Lack of desire, anhedonia."
Азамат по фмат 010 норм обьясняет? Или я сам такой тупой,ALL_OR_NOTHING,Self-labeling as stupid.
"Вот что делать с одеждой? Я покупаю джинсы/штаны. Мерю, все ок, покупаю, хожу в них. Но в один момент просто у живота уже свободнее. То вот так вот живот уменьшается, но потом обратно. И так по кругу. Как быть с этой проблемой?:( из-за этого уже проблематично покупать джинсы/штаны",NOISE,Asking for clothing advice.
"Помогите я скоро сойду с ума!
Когда лежу мне становится страшно очень страшно, и уходит это только если я делаю уроки. А уроки делать постоянно я не могу, страшно устою. Когда ем страшно, когда купаюсь страшно, когда засыпаю страшно, когда выкидываю мусор страшно",DISTRESS,Pervasive intense fear.
"спасибо корнеру за этот чечевичный суп, я никогда в жизни не ел чегото более похожего на блевотину",NOISE,Exaggerated complaint about food.
"Я в сидя туалете зарегал Виктор Тен, все возможно. Главное верить себя деп кетсен",NOISE,"Motivational, sharing achievement."
fuck everyone who attend 160 people lectures sick/ coughing!!!! I've been laying in bed for 4 days. (dont think missing classes as a freshman is cool),NOISE,"External anger, situational complaint"
"блин, реально не могу уже. Уберите все эти повторяющиеся сообщения в чатах. ладно ивенты я могу как то понять (никто нафиг читать не будет, если в авеню->events подканал кидать). а вот эти купи-продай сообщения задолбали реально. Кому надо тот найдет же товар. вот мне условно веник нужен будет, я и буду искать в чатах где веник одолжить.",NOISE,"Situational complaining, frustration"
Меня все еще вырывает с плейлиста в джиме,NOISE,Complaint about external thing
"Почему со мной всегда гении в команде? Делали лабку, и надо же одному особо одаренному додуматься с гпт скопировать и не перефразировать нормально, в итоге 0 ожидаемо, как бы мискондакт не взять. Ненавижу групповые проекты.",ALL_OR_NOTHING,"""Always"" negative team experience"
Мне кажется или всем пох на то что собираются отключать горячую воду?,MIND_READING,Assumes everyone doesn't care
"Ребят у кого родителей ИП, как получили талон? Я смотрела и по егов и по всем туториалам, но кажется папа не обновлял его и у меня не выходит никак. И он теперь мне отправил свидетельство своего ИП, он подойдет или нет?",NOISE,Asking for advice
"Джигииии а у вас нет проблем с инетом уника? Я пытаюсь в овер зайти через инет уника но не получается. Через свой все работает, но пинг плохой.",NOISE,"Asking question, problem-solving"
"Я ебл всё,всё так заебало. Хочется вернуться на год два назад",DISTRESS,"Expresses general frustration, weariness"
"Меня бесят мои лабмейты. Уже пошла вторая неделя лабок, на первой лабке они сделали НИЧЕГО. Наш чат для лабок выглядит так, будто у меня шизофрения и я общаюсь с собой. У кого была такая же ситуация, что можно сделать? Я конечно не хочу грубить им, но я уже держусь на волоске",ALL_OR_NOTHING,"""Nothing"" done by teammates"
"Гайс, там на ютубе подкаст с Майклом Бектелом вышел. Я хоть у Майкла курсы не брал, по подкасту очень понравился мужик. Всем советую посмотреть",NOISE,"Sharing information, recommendation"
"У меня иногда происходит такая максимально ебанутая хуйня. Мне снятся сны, просто про повседневную жизнь, как я чето делаю, а потом, это происходит в реальной жизни: точно те же действия, точно та же одежда, точно те же люди, точно те же слова. В моменте, наяву, есть чувство дежавю, но полностью, что случилось, я осознаю только после. В мистику я не верю вообще, но эта хуйня заставляет меня думать, что я экстрасенс или повторно живу ту же жизнь. У меня шизофрения или что? Какие есть логические объяснения?",NOISE,"Describing phenomenon, asking question"
"Я устал, моя жизнь - это просто симулятор выполнения жизненных потребностей на уровне того чтобы жить от еды до еды, от посрать до посрать и поспать.
Надоело этому человеческому тамагочи подчинятся, я устал, сука...",DISTRESS,"Extreme weariness, existential fatigue"
"Ничего не успеваю, скажите что я не один такой",ALL_OR_NOTHING,"""Nothing"" achieved, perceived failure"
"Не могу расставить четко приоритеты…Не могу не мыться через 3 дня,не убираться ибо чистота важна для моего сна,приходится готовить самой ибо были проблемы с кишечником так как травилась много много раз когда не готовила сама себе, не могу не спать мало часов. Не хочется откладывать задания,но будто бы я откладываю их и в конце жалею что не делала пораньше,хотя не могу сказать что я прокрастинаторша,просто всегда чтобы набирать по проблем сетам фулл а не 70-90% нужно заранее всё учесть…эх",NOISE,Detailed complaint about habits
I am always two steps ahead. always two steps ahead.,ALL_OR_NOTHING,"""Always"" two steps ahead"
"Блеа устал от внезапных стримеров, идёшь в дверь а там резко девушка входит, я там чё то пел короче блин, уят болды",NOISE,"Situational complaint, embarrassment"
"Я понимаю не пройти в вокал клаб, туда сложно попасть, ребята улетно поют, но не пройти а чойр… I don’t think I should ever open up my mouth and sing again…

Ps. Завидую всем кто прошел в вокал",ALL_OR_NOTHING,"""Ever"" sing again"
Почему меня уносит из за латте и я становлюсь супер раздраженным и anxious?,NOISE,Asking about physical reaction
"что думаете про инцидент на кокпаре? кто победил. Видео матч, как по мне все было норм но я не шарю. Только без патриотизма и фанатизма, онли факты",NOISE,Asking for external opinion
Нафига я выбрала кс. Уже ничего не понимаю,ALL_OR_NOTHING,"""Nothing"" understood anymore"
Не хочу этим постом кого то обидеть и дискриминировать чью то сторону. Просто нужна девушка умеющая готовить и мне все ровно на вкус еды и вообще как оно получится. Все продукты и все нужное буду покупать сам. Главное что бы порция мне оставалось и все.,NOISE,"Situational, practical request."
"Уже БРЕЙК через 2 недели?!!Мидки начались, почему этот процесс так затянулся!!! просто хочу плакать

Завтра в 10 утра мидтерм, и я не совсем готова, сижу думаю мне тратить 1,5 часа и домой ехать, или остаться здесь и ночевать в турче на диванчике",DISTRESS,Expressing desire to cry.
"ХАУЗИҢ Я ВАШУ МАМУ ЦЕЛОВАЛ, СПАСИБО ЗА ЭТОТ ДОРМ ЧЕРНОГО ЦВЕТА ДВАДЦАТОГО ВЕКА, беру все свои слова назад, вы лучшие. сиіп жатыңыздар.",NOISE,"External anger, situational complaint."
"куда обращаться конкретно по поводу дорма если аст рез? мне пишут что неправильные доки, хотя все по инструкциям делал
как хотя бы узнать что именно было неправильным чтобы не допускать такого больше?",NOISE,Asking for advice.
"сегодня утром хаузинг написал что реджектнули меня по причине: неправильные документы 
я уверена что там все необходимые доки и не верю что это реальная причина 
+ еще многим такое письмо пришло, втф хаузинг??????",NOISE,"Situational complaint, questioning reason."
"объясните, нахуй мне ксеру сдался этот диплом, похуй мне даже если оно НУшевское. Есть реальные причины? Я конкретно про корочку. 

Я знаю, что если кандидаты на работу одинаковые, то выберут того, у кого диплом. Но это же дает только небольшое преимущество. 

Престиж и понты? Нахуй. Чтобы родственники замолчали? Похуй маган. Что такого с этой корочкой? Там после выпуска на бумаге появляется секретный ингредиент? 

У меня родаки хотят все лучшее для меня и любят. Они вполне образованные и не тупые. Но блять, когда дело доходит до диплома, они просто говорят «просто получи пж, а потом делай что хочешь.» Ощущение будто они что то недоговаривают. Что не так? Я реально не вижу причины в корочке? Комьюнити и нетворкинг понятно. Я про корочку.",NOISE,"Philosophical questioning, strong complaint."
За один день столько всего навалилось. Ощущения что моя дружба с самыми близкими друзьями стремительно ломается. И главное я ничего особо не могу сделать. И все что я делаю или уже сделала наоборот ухудшает ситуацию. Скоро поеду домой но не уверена насколько это поможет,DISTRESS,"Feelings of helplessness, deteriorating friendships."
"Если после тренировки кушать по 8-10 варенных яиц, результат будет? Я совсем новичок и хочу быстро набрать мышечную массу",NOISE,Asking for advice.
"По одному курсу получила мало на мидке которая весит 25%. Можно ли теперь специально завалить курс чтобы потом нормально закрыть его летом? Других вариантов получить норм оценку нет, а она мне нужна. Кто знает прошу ответить, а то у адвайзера как-то страшно спрашивать такое, it feels illegal",NOISE,"Asking for advice, situational dilemma."
"В ассайнтмент по вкс зерогпт показывал аи процент всегда по разному, но я использовал сложные структуры и заменял более простые слова на сложные синонимы. И теперь думаю турнитин это засчитает как ии или нет, как думаете?",NOISE,"Seeking opinion, situational worry."
Меня одолевает зависть в этом универе. Все лучше меня. И это неплохо. Проблема во мне что это давит на меня так сильно что чувствую себя бездарностью.,ALL_OR_NOTHING,"Absolute statement, feeling total failure."
По моему я вообще не успеваю и от всех отстаю,ALL_OR_NOTHING,"Absolute statement, falling behind."
"Бля я с этой физики хуею нахуй, это что за пиздец вообще",NOISE,"External anger, complaining."
почему вечером всегда воняет на улице? запах болота i can’t ????‍????️,NOISE,"Situational complaint, external factor."
"Гайз я понимаю что сейчас у всех мидки и всем нужно чалить в лайбе, но плз если болеете ат лист приходите с маской (а лучше чтобы не распространяли вообще) . Экстеншнс и так то не проветривается, а тут каждую секунду кто то кашляет. Никому не хочется заболеть во время мидок, өтініш маска киіп жүріңдерші????",NOISE,"Request, public health concern."
"Меня никто не предупреждал что тут придется учиться(((((((
Кто ж знал..",NOISE,Sarcastic complaint.
"«Как дела» —
скользит, будто пуля,
вопрос-распальцовка,
на стыке улыбки.
Какое такое «как дела»?
Что за дела, товарищ,
тянутся тихо, как чернильная жила?

Вопрос без ответа —
будто бы в вату,
ждёт монументом,
растает, как дым.
Я не про то, как ты кручёшь зарплату,
не про рабочий, рутинный режим.

Мне до твоих бед, до твоих высот,
до твоего дня —
в двух словах не соврёшь.
Ты говоришь, как на старом заводе станок,
а я жду огня,
а не просто — 'живёшь'.

Так вот и выходит:
вопрос без ядра.
Крутимся все —
«как дела», «как дела»...",NOISE,Poetic reflection on social superficiality.
"В ну есть люди которые бегают по утрам на улице? Если есть можно ли постичь ваш дзен? И как можно бегать на улице зимой, я не совсем это понимаю... и хочу научиться чтобы прокачать стамину и пробегать условно 5-10 км средним темпом с тяжелым рюкзаком(ну или жилетом) уметь бегать.",NOISE,"Seeking advice, self-improvement."
"Kaz371 contemporary kazakh literature 
Yermek Adayeva жестко оценивает белсенділік? 
Пос семестра ничего не говорил так как поздно зарегал курс и несколько уроков проходили за дебатами, групповая презентация, тест сдавали сегодня типа. 

А в остальные дни я не говорил. Мне конец?",ALL_OR_NOTHING,"Catastrophizing, predicting total failure."
"Мне одному хочется чтобы в руках поставили двухъярусные кровати вместо раздельных? Будет намного больше места и меньше пыли. Конечно никто не будет переоборудовать комнаты, но хорошо если была бы возможность выбрать такую комнату(не первашей)",NOISE,"Situational suggestion, personal preference."
"Я все еще удивлен тому, как коммьюнити студентов, не имеющих даже степень бакалавра, могут судить поступки людей с огроменным опытом во всех сферах академии и жизни. Еще больше раздражает тот факт, что левые типы, которые и понятия не имеют об устройстве универа, различных удобств всему стафу независимо от пола, разжигают срач такого уровня, а легкомысленные люди ведутся на это, не имея своей точки зрения, желают лишь следовать «трендам».",NOISE,"Situational complaint, external anger."
"бляя этот мужик keenfort в инсте, я все понимаю, но можно сука не снимать по всему унику свою рекламу???",NOISE,"Situational complaint, external anger."
"Буквально только что произошла ситуация: с младшим братом (брату 15 лет) через текст попросили денег у папы на доставку еды. Родители были на тое и долго не отвечали, так что я решила не ждать и приготовить ужин, и уже забыла что мы писали папе. Уже после ужина папа читает и скидывает деньги младшему брату, на что я говорю ему скинуть их обратно так как мы итак уже поужинали. Я хотела скинуть деньги папе обратно потому то мне было неловко из за того что мы просили денег у папы на что то излишнее уже второй день подряд и оставлять их если мы не собираемся тратить их по назначению чувствуется неправильным, особенно учитывая что в последнее время у родителей не всегда есть деньги на развлечение и ситуация в финансовом плане не то что плохая, но нестабильная. Не хотелось бы злоупотреблять их доверием или нагружать без необходимости. 
Но я вижу что брат не скидывает деньги обратно сразу а вместо этого открывает беспорядочно соцсети и делает занятой вид. На прямой вопрос почему сразу просто не скинет, игнорирует меня а затем говорит мне не трогать его. Я попыталась еще пару раз сказать чтоб он скинул их обратно на что он не дал прямого ответа и ушел а атмосфера между нами стала напряженной.
Простите что много пишу просто хотела максимально объективно ситуацию передать, вроде ничего такого серьезного но меня не оставляет неприятное ощущение непонимания собственного брата. Может я была неправа и прицепилась к нему из ничего? В чем я была неправа и что мне следовало сделать вместо этого? Хотела бы стороннюю точку зрения",NOISE,"Seeking advice, situational explanation."
"За последнею неделю я не одевал кофту/куртку на улице, потому что знал, что паутина укроет все мое тело сразу при выходе из дорма",NOISE,"Situational complaint, sarcasm."
Я плохо набрал по первой мидке (60%) по калку 1 но все дз фулл. У меня еще есть шанс взять С?,NOISE,Asking for advice.
"Почему у меня вечно ощущение будто уже поздно? (Имею в виду возраст). Я будто ничего не успею добиться, хотя знаю что никогда не поздно и т.д, сам так говорю людям иногда. Что делать? Почему так происходит?",ALL_OR_NOTHING,"Catastrophic prediction, 'ничего не успею'."
Меня заколебали эти паутины по всему городу! Какого фига так много пауков?,NOISE,"Situational complaint, external anger."
"Я рад что нихуя не понял Иммануил Канта, чё то написал про Априори и все дальше чёт сидел думал ничего не понял, короче я такой же тупой человек, такой как все",ALL_OR_NOTHING,Global negative self-labeling.
"Два человека в моей семье пошли на тот самый крайний шаг. 

И я сам лично знаю, как это тяжело - бороться с навязчивыми мыслями каждый день. Просыпаться и вместо того, чтобы просто встречать новый день, нужно сначала побороть утренние мысли о самовыпиле. Это очень и очень трудно. Но преодолимо.

Все обязательно образуется. Все получится. Все наладится. Верьте в это, если даже придется обманывать себя. Я буду верить за всех вас! 

Take care of yourselves, guys. You are stronger than you all think.",DISTRESS,Expresses deep emotional pain.
"Я сегодня перекся с русским (в дубае). Искал свое место на стадионе, какой-то русский начал меня снихуя оскорблять и материть. Почему так? Почему я никогда не видел такое поведение ни от одного представителя любой другой нации? Буквально никогда. А с русскими это не первый раз.",NOISE,"External complaint, generalization."
"Зачем нам патриотизм?

Сохранение независимости — Независимость ценна лишь для тех, кто ей управляет, а народ остается без реального голоса.

Защита людей — Защищают лишь себя и свою власть, оставляя народ без внимания и должной заботы и отправля всех на фронт без разбора.

Предотвращение внешних угроз — Внешние угрозы страшны для власти, но проблемы народа остаются нерешенными.

Охрана ресурсов — Ресурсы охраняются, но распределяются не в пользу людей.

Поддержание мира — Мир для них — это контроль и стабильность власти, а не реальное улучшение жизни граждан.

Сохранение культуры и ценностей — Культура часто превращается в якорь, когда народ сам цепляется за прошлое, боясь перемен, тем самым тормозя собственное развитие и прогресс.

Защита прав и свобод — Права и свободы гарантируются для избранных, а народ ощущает лишь ограничения.

Укрепление международного положения — Их успехи на мировой арене не приносят пользы людям внутри страны.

Обеспечение будущего поколения — Будущее в их руках, тогда как народу остаются лишь обещания.

Обеспечение веселия и праздников - Когда в стране важнее праздники и веселье, певцы становятся главными героями, затмевая тех, кто приносит реальное развитие. Народ больше ценит той, чем решения, которые могли бы облегчить жизнь молодым и уменьшить долги.

Предотвращение хаоса и конфликтов — Хаос может наступить для всех, если интересы людей продолжат игнорировать.

Зачем хвастаться тем, что я казах, если внутри этой огромной оболочки — лишь пустота? 
Что мы так усердно хотим защитить ? Ответ очень прост мы хотим защитить застой :)",NOISE,"Philosophical rant, external criticism."
"Всем Салам, кто знает где есть приватные места где я могу сам 1 сидеть без шума и отвлечений, чтобы вообще никого не было? Не считая библиотеки и улицы.",NOISE,Asking for advice.
"Чето все ноют про ситуацию с кухней, вот и я высру свое мнение: мне кажется главная проблема в людях которые мусорят. По логике, их ведь вообще не должно быть?? потому что если они мусорят то им прилетает штраф и олар коттерин кысады (по замыслу), но такого не происходит. Penalties aren't enforced enough. Some people leave out their trash without any consequences and they have a feeling that nobody cares  anyways. It encourages this behaviour. Мое решение: Сделать штрафостан еще более штрафостанским, как в Сингапуре при Ли Куан Ю или хотя бы как в современной Германии?? Главная идея чтобы штрафы РАБОТАЛИ против нарушителей порядка.",NOISE,"Situational complaint, proposing solutions."
"А в чем проблема собственно просто раз в месяц продежурить, ака протереть столы и вынести мусор. Никто же не просит вас генерально с Азелитом и кометом в руках отмывать кухни. Просто поддерживать чистоту РАЗ В МЕСЯЦ… Я реально не понял, к чему все эти турникеты и всякая прочая штука, на которой у университета даже бюджета нет. И если будет клининг РАЗ В НЕДЕЛЮ, что случится с кухней за эту неделю даже страшно представить, честно говоря",NOISE,"Situational complaint, expressing confusion."
"Боже, как я ору с этих недовипказахов которые кушают только в ресторанах, столовых, никогда ничего не готовят))))) Особенно когда они говорят пох, закрывайте кухню, нежели просто 4 раза за семестр протререть столы, плиту (максимум займет по полчаса если каждый день будем мыть). Брезгаются и в жизни таким не занимались, за них всегда мамка убирала, ожидают что и здесь все также будет)))) Клоуны одним словом",NOISE,"External anger, strong criticism."
"предлагаю сделать байкот, если все равно введут новое правило про уборку кухонь. Я лично не пойду убираться за какими то свиньями, я на кухне появляюсь  пару раз в месяц, чтобы разогреть еду. Хоть какие правила там вводите, я за вами, свинотами, убирать ничего не буду. Неужели вас мама дома не научила наводить порядок после себя?",NOISE,"External anger, refusal."
"зная что кухню регулярно убирают, и сегодня не мое дежурство, а кто то другой дежурит - я такой пиздец на кухне устрою, жаль дежурного",NOISE,Sarcastic threat.
"Пара через 4 часа, а я все ещё в родном городе ;)",NOISE,Situational update.
"Стоп, то есть я могу как обычно засрать всю кухню, но за меня будут убирать другие? Ничегосебе, я за!",NOISE,"Sarcastic, ironic comment."
"оцените народное творчество 
*было написано до фолл брейка

как мидтермы меня все
эти заебали
что ни день как будто бы
в жопу отъебали",DISTRESS,"Expresses intense exhaustion, frustration."
"Somehow everyone at uni is smarter than me, except for the 3 students in my group project.",ALL_OR_NOTHING,Absolute statement: 'everyone smarter'.
I hope every developer that was involved in making Windows11 dies in fucking agony,NOISE,"Extreme anger, externalized."
"ебаные образовательные курсы, ЗАЕБАЛИ снимать свои ебучие тиктоки. ПЕРЕСТАНЬТЕ МНЕ ПОПАДАТЬСЯ В РЕКАХ. да даже если бы я училась в 10-11 классах, с вашим таким рвением войти во все щели, то не пошла бы к вам",NOISE,"External anger, complaining."
Нет серьезно хочу понять. Что было в голове у этих «людей». Чего они ожидали? Для них гнобить толпой норма? Как у людей которые живут в одном обществе быть таки разные представления о нормальном. Как будто в средневековье живем. Звучит тупо но мне действительно не понятно как общество могло родить и воспитать  таких имбицилов. Неужели они ничего не бояться? Вовсе не думают о последствиях? Видимо они уже выкручивались из таких ситуаций.,NOISE,"Philosophical questioning, frustration."
"Я хочу прям в**бать того чела который руководить всеми решения с универа вплоть до страны 

страна вообще не слышит наших сограждан вообще 
делаю только вид что слушают :(

Ех блин если бы прям четко говорили все что не могут это решение отменить потому что какой то Мырқым Қырқыбаев решил и пригрозил и так же что какой то инвестор пригрозил или какой то рашн формейшн пригрозил и теперь все отката назад нет",ALL_OR_NOTHING,Absolute statement: 'не слышит'.
Почему то я всегда извлекаю мораль с каждым пройденным курсом,ALL_OR_NOTHING,Absolute statement: 'always extract'.
"Никогда не берите на себя лабки по физике, это пиздец я трачу часов 7-8 минимум на эту хуйню каждую неделю за 5000 с тиммейта, елси бы знал что так будет не соглашался бы",NOISE,"Advice, strong complaint."
"Я в дорм уже отвез все свои вещи, во время уинтер брейка их можно там оставить? Или придется их забирать все и во втором семестре опять заселяться?",NOISE,Seeking factual information.
Хотела пройти 2недельный онлайн автошколу с 3 ездой. Я полный бегиннер. Хотела получить права именно сейчас так как у меня достаточно свободного времени. Если я получу права и не буду водить в ближайшее время (год нврн) не забуду ли я как водить?,NOISE,Asking for advice.
"заебался депрессовать и иметь суицидальные мысли, не хочу умирать, но как будто места найти в мире, даже на будущий план не могу найти. Как будто нет смысла жить, заводить семью, работать ради денег в итак прогнивающем от капитализма и экономического краха мире. Кажется, будто в любом случае я ничего не добьюсь. Вновь придя после тяжелой утренней мидки, вдобавок просидев всю ночь за подготовкой к ней, имею ужасное черное опустошение внутри, будто действительно мне нечего делать в этом мире. 
Ложусь на кровать, и просто хочу не просыпаться. Ебучая осень.",DISTRESS,"Severe emotional pain, despair."
"Хочу убрать face fat, учитывая, что я не сильно щекастый, но также хотел бы набрать мышечной массы. При наборе face fat будет уходить и как это работает, не шарю",NOISE,Seeking health information.
"Впервые почувствовал сильный боль в груди, не думал что брусья может так сильно напрягать мышцы. У меня теперь все тело сильно болит.",NOISE,Describing physical pain.
"Ваша кожа как либо реагировала на воду в дорме?
Может это только у меня, но моя кожа начала как никогда шелушиться, даже если пью около 2,5-3 л воды в день",NOISE,Seeking shared experience.
"Can’t sincerely understand why people go to ssh (not taking into account real sciences). Studying sociology, anthropology, wll makes almost no sense to me, I’m so sorry????.  I can see why people go to nusom, seds or smg, but some courses in ssh from their list are useless.
Personally, I would not want that for my kids.",NOISE,"Opinionated judgment, external."
"АЙКЕ, Я ЛЮБЛЮ ВАС!
АРАЙ, ТЕБЯ БОЛЬШЕ ВСЕГО!!!",NOISE,Positive emotional expression.
"никогда не читайте посты +18, я хочу стереть  ласт 2 минут памяти, я сожалею",NOISE,Advice based on regret.
"Осциллограф всегда какую то дичь показывает я устал. Не, картинка нормальная, вот просто плохо измеряет.",ALL_OR_NOTHING,Absolute statement: 'always shows'.
Это только мне сегодня хуево или у всех так?,DISTRESS,Venting negative emotional state.
"я купил простыни с резинкой точно по размеру 90 на 200 и 20 высоту, но блять они не налезают все равно, еле еле на бока матраса натянул и они стягиваются ночью. какие бля взять какой размер чтобы полностью заправлено было прямо под матрас я уже заебался",NOISE,"Situational complaint, seeking advice."
i am so tired of falling behind in all of my classes and i cant even study properly,DISTRESS,"Expresses exhaustion, frustration."
"I can't believe how toxic and arrogant are leclerc fans nowadays. Not only do they trash his teammate who helped a lot with strategy cuz theyr racist but also they shove into everyone else their 2.53 PERCENT COPIUM of winning 24. LIKE NO, GIRLS, UR FUKBOI WONT WIN CUZ HIS PRETTY, NORRIZ DEZERVEZ IT. PERIOD.",NOISE,"External anger, general complaining."
"Я опять пропустил какой то ивент о котором все знают, и я один не знаю? Че за акустик найт?",NOISE,"Asking for information, feeling left out."
The grind NEVER stops. Even when sleeping I grind my teeth. NEVER stop grinding.,ALL_OR_NOTHING,Uses 'NEVER' repeatedly.
"Я парень и я не понимаю писуары.
Ни разу не использовал.
Я понимаю что никакой парень а жизни не вздумает посмотреть.
Но мне все равно не комфортно.
Парни почему обьясните сородичу",MIND_READING,Assumes what 'no guy' thinks.
является ли ling 131 pre requisite на все линг курсы или можно только через влл 110 выживать? если я хочу дэклейрить,NOISE,Asking for academic information.
"“How normal again stop now” 

After I watched Nexpos video I understood that his video is best anti-dr*g ads, because never before I felt so haunted and scared where I was fully convinced I never want to be in same building with any type of dr*g.",DISTRESS,"Expresses feeling haunted, scared."
"Если я хочу остаться зимой только до нг в дорме, мне все равно придется заплатить за весь период винтер брейка? Или только до нг",NOISE,Asking for dorm payment info.
"3 день без теплой воды в дорме... За что мне это, или все это из-за того что я ксник????",DISTRESS,"Expresses 'why me?', self-blame."
"Вчера когда мама улетала домой, я не успел с ней обняться на прощание. 
Вроде бы мелочь, но грусть от этого все никак не уходит",DISTRESS,"Expresses sadness, lingering grief."
мне кажется будто всем математикам угрожают что нужно отрастить страшную карешку чтобы выпуститься с уника,MIND_READING,Assumes what 'all mathematicians' experience.
"Мне интересно, в ну вообще много дотеров? И у кого больше все ммр. У меня 9к, у кого больше есть? Когда уже zxc from nu esports",NOISE,Asking social/game questions.
"Нормально то что я боюсь просить денег у папы? Мне стыдно каждый раз и только чтобы не умереть с голоду я решаюсь в очередной раз просить у него денег и потом больно, от того что я сижу на шее родителей. Мне даже 18 нет чтобы параллельно с учебой работать, даже если бы взяли, академическая успеваемость упала бы. Обещаю что это будет в последний раз когда я чувствую себя так низко и ничтожно, просто решил вывалить накопившийся гнев на себя, спасибо тому кто создал VA",DISTRESS,"Expresses shame, self-loathing, anger."
"I am cooked in everything except academia.

Damn, that's so hard",ALL_OR_NOTHING,'Cooked in everything' is absolute.
"почему по унику висят постеры 'can you breathe?'? это реклама какого-то ивента?

сорри за тупой вопрос я прост щас дома и не могу посмотреть на постеры еще раз",NOISE,Asking for information.
"Че за хуйня? Купил в корнере на вид нормальную котлету, по цене тоже довольно дорогая. Думал ща как наемся мяса. А там внутри ОГРОМНЫЕ куски овощей (морковки, перец, кукуруза блять??) прямо как в рагу. 
Пиздец, еще клэш текстуры (фарш мягкий, полутвердая морковка) и хуйня какая то получается. Меня наебали.",NOISE,"External anger, complaining about food."
"Почему когда я пишу агрессивные посты с оскорблениями (и не называя никого) их не пропускают, а ксника который все receipts прикрепил пропустили? Я тоже хочу ругаться.",NOISE,Complaining about moderation fairness.
"Всем привет, куда я могу сдать прочитанные книги как charity?",NOISE,Asking for information.
Пиздец на улице ветер. Я охуел просто пока сходил в мегу. Ветер ужасный и со снегом. Мрачная погода,NOISE,Complaining about the weather.
"2 курс: мне страшно подумать что будет после универа. Армия, мага, быть бомжом, мак.",DISTRESS,Expresses fear about future.
"Free my boy Timur!!!
He ain't do nothing wrong!!!",NOISE,"Supportive statement, advocacy."
С кем можно в бассейн сходить я один боюсь,NOISE,Asking for company/help.
"блин все говорят типа НУ супер теоритический и исследовательский университет, и такое чуство, что уники по типу Айту, Мну лучше, так ли это? я сам нушник чето непонятно",NOISE,"Seeking clarification, comparative question."
У меня идея для 1 апреля. Давайте все будем ходить с бананами но ничем с этим не делать. Просто будем дразнить стафф с бананами. По типу анти-пранка.,NOISE,Suggesting an activity/prank.
"Я еюал этот КСО, все идет норм, но блять нахуя так сука усложнять такие простые вещи сукааа?",NOISE,Expressing external anger/frustration.
"У меня сейчас с курсами вроде все в порядке. Можно у кого то проверить, вдруг я где то ошибочно считаю. 4 Курс",NOISE,Seeking help/verification.
"окончил универ в прошлом году и решил сейчас зайти почитать ВА. нушные гомофобы и нацики до сих пор на месте. пиздец я вас в рот шатал, где вас штампуют",NOISE,Expressing strong external anger.
"я когда струны покупаю для гитары всегда беру самые дешевые. Было норм, но в интернете мне много выходит видосов про поддельнве струны and shit. Вот хочу щас взять струны подороже и посмотреть на разницу

допустим я возьму дадарио струны для акустики, за какую цену взять чтобы быть увереным что не подделка? 3к? 4к?",NOISE,Asking for practical advice.
"I'm not even procrastinating anymore, I'm literally doing nothing",ALL_OR_NOTHING,Speaking in total absolutes.
Somehow everyone at uni is smarter than me except for the 3 people in my group project,ALL_OR_NOTHING,Absolute generalization about intelligence.
"Работа в корнере - это труд, который может привести к выгоранию уже после первого дня.

Работать так усердно с таким огромным потоком голодых и требовательный фешн мешн GEN Z студентов - это действительно непросто.

А самое обидное, что за твой труд никто даже не поблагодарит. Ни один студент не выдержал бы той нагрузки, которую ежедневно переносят татешки повара. Там прям как на войне хотя кажется даже на войне скорее всего не видели такую волну не довольных дай мне дай мне студентов",ALL_OR_NOTHING,Absolute statements about appreciation.
"NU Image, сделайте конкурс на обработку фото среди всех студентов НУ, мне кажется не одному мне хочется в таком поучаствовать",NOISE,Suggesting an activity.
"пожалуйста обьясните всем ли сложно учится в ну? и вообще нормально ли что мне сложно? просто возникает вопрос, вдруг если это сложно, то не мое? а если всем сложно - то ок",ALL_OR_NOTHING,Conditional self-acceptance based on 'everyone'.
"why are fifa soundtracks now filled with pop garbage? I need to hear more indie rock or fire shit like that, not ice spice",NOISE,Complaining about music preference.
"Бля, вам не кажется что последнее время ютуб вообще ахуел со своими рекламами? Да и еще сами рекламы пиздец длинными стали...Буквально смотрю обычное 20минутное видео и мне сука уже 2 раза двоиные рекламы выползли(то есть вообщем 4 рекламы за 20минутное видео). Поставьте снеговика если вы согласны что рекламы резко увеличились",NOISE,Complaining about YouTube ads.
"я перваш, инженер. По всем курсам, кроме физики выходят А и А-. По физике без керва С+. Этот грейд как заодно за в заднице таааак мешает и супер обидно за такой грейд. 
спасибо что прочли, мне это было необходимо.",NOISE,Venting about specific grade.
"люди думают, что я порядочный и хороший

но они не знают, что на кассе я говорю, что моя еда весит на 10г меньше чем на самом деле????????",MIND_READING,Assuming what people think.
"Люди кто идет на бравый который по Турану никогда не стригитесь у Сауле, это просто пиздец я плакать хочу. Это татешка которой за 50, почему таких берут туда ????????????????",ALL_OR_NOTHING,Giving absolute negative advice.
"Блять это пиздец, у меня рдр 2 на средних-высоких настройках тянул стабильно >100 фпс, а сталкер 2 на низких лагает даже бывают моменты когда фпс падает до 2-3",NOISE,Complaining about game performance.
"Люди, которые в лайбе оставляют тетрадки и стаканчики, якобы занимая место, вы совсем? Забирайте всё с собой! Больше двух часов нету — всё убирайте. Я понимаю, если это на время одной лекции или чтобы покушать. Но если больше — имейте совесть! Это общественное пространство!!!",NOISE,Expressing external anger/frustration.
"Оставил ноут включенным и с ним сделали самое ужасное пока меня не было...
Кто то переставил все ярлыки",NOISE,"Exaggerated complaint, situational."
Я В АХУЕ Бектел УХОДИТ???? чзхххххх я в Шоке…. с каких пор и куда :((((( пиздец я буду реветь ….,DISTRESS,Expresses shock and sadness.
У меня плохие сны были и когда сбывается что-то похожее я получаю чувство дежавю. Все это я сам напридумал же да? Просто так сходиться блин. Либо меня мозг обманывает.,NOISE,"Personal rumination, no distortion."
"Люди, а кто когда нибудь брал книги с бибы и не возвращали их долгое время какие либо последствия были? я взяла книги и я опоздала с их продлением всего на 1 день и все, мне приходят сообщения что могут книги задеклерить как потерянные. хотя на сайте бибы написано что за задержанные книги ничего не будет, сказано что за утерянные книги надо возвращать в виде денег либо такой же книги",NOISE,Asking for advice/information.
"Вспомнил школьное время оказывается мне было 1000 раз было сложнее чем сейчас, смотрю учебник по курсу а там материалы которые я проходил 9 классе в олимпиаде. То есть я опередил себя на 5 лет, но пользы нет так как мне сложно было понять и мне после школы не было смысла дальше двигаться. Так что не спешите, всему свое время.",NOISE,"Personal reflection, life lesson."
"Оказывается я так не люблю шоппинг… ждала свою зарплату целый месяц чтобы пойти пошопиться адам сиякты, но в итоге этот день меня измотал как никогда и я купила всего одну кофту(((",NOISE,Situational complaint about shopping.
"Мой ноут у мошенника, а там я везде был авторизованным. С телеграмом и вк разобрался. А насчёт ватсапа переживаю. Во вкладке Связанные устройства ничего нет. Но у меня там виндоус приложение, а не веб версия. Если аккаунт всё ещё открыт, знаете ли, как завершить сеанс? Нужно связаться со службой поддержки или что?",NOISE,Asking for advice/help.
а адвайзеру будут злится если я буду назначать встречи не по совсем важным вопросам?,MIND_READING,Assumes advisor's negative reaction.
"всем привет, я очень напуган. сам учусь в МНУ а бывшая из НУ, учится на эконе 3 курс

мы после 2 месячного перерыва got back (но еще не полностью и не совсем встречаемся), и недавно, во время незапланированного интимного момента, все зашло дальше, чем я ожидал (not in time). я не хотел чтобы все это так произошло, пиздец чувство вины, никто из родителей не знает. что делать?..",DISTRESS,Expresses fear and guilt.
"Я устал от этих конченных новостей не могу от них убежать, они достают меня везде",DISTRESS,Expresses exhaustion and overwhelm.
Почему то все эти года в Астане я думал что от университета до берега 2-3 км. Сейчас посмотрел по маршрутизатору что по-настоящему здесь около 8-9 км.,NOISE,"Factual observation, not distortion."
"-Ыыыы тупим быть круто
-Чел вообще то зачем быть тупым, вот а квад плюс б квад с квад, я такой умный
-ыыы все тупые крутые, аа умные всее дибилы
- аааа папа не бей
-ыыыв слит",NOISE,"Fragmented, sarcastic dialogue."
"Minor declare происходит после того как закрыл все курсы нужные для него? Если мне нужен priority override, как егооформлять для майнора?",NOISE,Asking for procedural information.
"Объясните пж как работает priority override? Я подал заявку сегодня но скорее всего они не успеют до регистрации. Если конечно одобрят, у меня будет возможность зарегать курс после регистрации или как?",NOISE,Asking for procedural information.
никто не знает когда откроются self return станции в лайбе? Стыдно сдавать книжки на деске они у меня сильно overdue,NOISE,"Asking information, situational shame."
Я тот чел который ненавидит алкоголь или любой иной товар который мутить разум. Я увидел достаточно алкоголизма в моей жизне чтоб понять насколько люди слабы когда они уходять в запой. Меня просто отвращает этот запах алкоголя и вероятно в будущем будет что-то по типу теракта и тогда помните что за всем этим буду я. Когда вы выпьете алкоголь вы поймите что вам не осталось больше 1 года жизни. Знайте это был я. УХАХХАХАХАХА!,ALL_OR_NOTHING,"Extreme, absolute judgments."
"С ВКС вообще реально выйти с ВЛ, если я в самой верхушке вероятнее всего ????????????????",NOISE,Asking practical question.
"Дропайте геол 103, ССХ, он вам все равно нафиг не нужен а мне нат сайнс закрывать надо",NOISE,Direct request/complaint.
"Я после реги:
Всем детишкам гореть в огне",NOISE,External expression of anger.
Если выйду с ВЛ мне придет письмо об этом и все? Или автоматом выйду и узнаю чекнув?,NOISE,Asking for procedural information.
"Я 3 курс кс, но все еще не закрыл ксо231
На спринг семестр зарегал кс332 (ОС) но нужен пасс грейд по ксо Д. Почему я смог зарегать? Это ошибка или как
Дропнется ли ОС автоматом?",NOISE,Asking for procedural information.
"Добрый день! Я хочу отчислиться, и соответственно не регистрировала ничего. Это не выйдет мне боком каким-то образом? Слышала, что был случай, когда отчислившему ученику через 2 года пришло письмо об оплате за весь период обучения. Заранее благодарю!",NOISE,Asking for advice/information.
"Курс где я нифига не понял получаю А-, курс где все я хорошо понял B+ с кервом. Короче грейд это иллюзия",NOISE,Complaining about grades.
Так держать ребята! Ширин так почти никто и не зарегал :)) Я считаю что это победа,NOISE,"External observation, minor victory."
"Всем привет, я написал письмо в Qumash (Кумаш) по поводу Ширин Чан, жду ответа) Ждите апдейтов. Хоть так добьемся справедливости",NOISE,"Reporting action, seeking justice."
"Случайно заполнил формул уинтер брейк, думал это для спринга. Написал отмените бронь я там не живу, но мне ответили что я должен заплатить. Как можно решить ситуацию и что если не оплачу бронь?",NOISE,Asking for problem solution.
"почему я такой ненасытный? увеличил ЗП х4 за год, все еще не чувствую то что чего то достиг, не чувствую то что у меня много денег, хочется еще и еще, и тут я как будто понимаю что счастье далеко не только в деньгах",DISTRESS,Feeling unsatisfied despite achievements.
"Ребята. Что думаете, чтобы ВА был разделен на секции? Можно на четыре. Studies. Advice. Discussion. Other. Мне нравится читать посты про advice, и отвечать. Но проверять каждый день 50+ постов это утомляет. И людям будет легче читать старые посты, где, возможно, кто-то уже ответил на их вопрос.",NOISE,Suggesting platform improvement.
"Насколько сложно получить визу для жены, если я поступаю на магистратуру в европу, а она нет? Если с деньгами все норм, но языка она не знает",NOISE,Asking for visa information.
"I just wanna get this off my chest. Rant жазып жібермесем жалғыз өзім алжып бара жатқан сияқты сезініп жүрмін.
'Оқып бастайды' емес 'оқи бастайды' деген дұрыс емес пе? '-ып' пен аяқтап, оған 'бастайдыны' қосу қашаннан бері басталды? Өйткені осы Астанада қалың орыс тілдінің арасында тұрғанда да бұрын көп естімеппін, осы соңғы бірнеше жылда ғана жаппай қолданылып кеткен сияқты. Бірақ айналамдағылардың бәрі 'жасап бастайды', 'жеп бастайды' деген соң өзім күмәнданатындай болдым.
P.S. Грамматиканың уақыт өте келе өзгеретінін, жаңаша қолданыстардың қалыпты екенін, әрине, түсінемін. Ешкімге сөйлеме деп те жатқан жоқпын. 'Өзіңе қарап ал', 'қайтесің оны' деген сияқтыны жазбай-ақ қойсаңыздар болады. Оны әбден білемін. Жай мынаны жазып жібермесем жалғыз өзім бір өтірік жаттап алғын сияқты, бәрінің миында болған апгрейд менің миыма жетпей қалған сияқты сезініп жүрмін.",DISTRESS,"Feeling isolated, going crazy."
"Пиздец, у меня развился тиннитус из-за шума в доме",NOISE,Reporting medical condition.
"Перед тем как жаловаться против протестов/митингов и ныть в каком говне мы живем, советую почитать Валлерстайна 'Мир системный анализ', 'Капитал' Маркса, 'Происхождение семьи, частной собственности и государства' Энегельса. Поверьте, мне тоже в голову насрали когда-то этой же либеральной помойкой. От того, что вы прочитаете и поймете сути всей происходящей, ситуация в стране не поменяется. Но вы хотябы перестанете быть инфантильными и наивными.
Вы же НУшники, я верю в вас",NOISE,"Political commentary, giving advice."
"в последнее время я чувствую так будто ничего не успеваю. уже скоро новый год, но из всех планов которые я ставила себе в сентябре я сделала лишь пару. я как будто застряла в одном состоянии и я не знаю что с этим делать",DISTRESS,"Feeling overwhelmed, stuck, behind."
"Мне 25, но я все ещё не был заграницей. Это норм?",NOISE,Asking for social validation.
"Я вахуе от инста треда, все взрослые такие biased?",NOISE,"Expressing surprise, external observation."
"К 17.00 уже темно как ночью, и я чувствую себя сонной и уставшей из-за того что так рано темнеет. Что можно с этим сделать( Устала от этого, к вечеру уже сил нет. И тем более сил нет на встречи и посиделки",DISTRESS,"Feeling tired, lacking energy."
"Мне жаль джого, он то не слабый, просто против него всегда ультра жёсткие попадались, мне его жаль",NOISE,Expressing sympathy for other.
"Что делать если я несовершеннолетний, а в юмс надо? Из родственников никого нет, кто мог бы пойти как доверенное лицо. Говорили, что представителей из НУ отправят, если никто не может, но чет я вообще не понял как это происходит и что надо сделать.",NOISE,"Asking for help, clarification."
"We have to intervene, and save the future of this country and our university.

Never has it been so low and it is our burden to make it thrive once again. Let's not lose this time.

It is not a matter of 'блин я вот выпускаюсь в таком то году, почему именно сейчас' anymore. We are community. We have to care for this university, because for many of us it was the place that has set our lives on track once again.",ALL_OR_NOTHING,"Absolute statement, lowest point."
"Среди нас тоже много ебаных чертов которые думают ой я не воровал бы, а сами при первой проблеме звонят кокешкам. С этого блять и начинается ваш менталитет блять тупые суки",NOISE,Expressing external anger.
"блять я в ахуе, с этими повышениями цен на дорм я откладывала, не ужинала иногда, чтобы накопить и родителей не нагружать, потому что у них щас еще много других расходов(( а тут бля читаю про огромные сворованные суммы, мне такие даже и не снились. а ведь как раз снова повысили стоимость дорма. короче не знаю уже что делать. это грустно пиздец как.",DISTRESS,"Feeling overwhelmed, sad, helpless."
"Меня скорее всего захейтят, но что мы можем сделать посреди всего этого дерьма? Я искренне хочу помочь, но такое чувство, что от нас здесь прямо ничего не зависит. Выкладывать куда-то, петиции, митинги никогда не срабатывали)) Надеюсь я ошибаюсь",ALL_OR_NOTHING,"Uses absolutes, 'nothing depends'."
"Бля, если верхушка мне сверху накинут, я буду тихо сидеть и говорить да да все норм.",NOISE,"Strategic, conditional statement."
"А тут всем похуй да что рашка сбила пассажирский самолет
Поделитесь мнениями опасно ли летать над россией я щас в расии сука и послезавтра должен лететь в аст",MIND_READING,Assumes 'everyone doesn't care'.
"Ребята кто шарит, подскажите пожалуйста. Мне всегда вот было интересно как работает ДСС. Им ведь поручают разные кейсы связанные с нарушениями. И как бы откуда у них такие полномочия? Они вообще достаточно квалифицированы? Ну например там же подаются кейсы связанные с харассментом, изнасилованиями. Как они допрашивают студентов? Имеют ли они право давить или манипулировать фактами во время допроса, чтобы «добиться правды»? Вообще как это работает?",NOISE,Asking for information/advice.
"на днях я писал глупые посты про бесполезность протестов, но щас я считаю:
1. сам факт что мы все выступим как сообщество уже крут
2. по идее это усилит нас как комьюнити – укрепит связи между нами

ладно либералы вы не такие уж и тупые",NOISE,Reflective change of opinion.
"взял отпуск со своей нервотрепной достаточно задействующей интеллект работой с «большими перспективами» и у бати взял тачку, за меньше смены натаксовал на 3 дневную зарплату, где мне бы все мозги выебали",NOISE,Situational complaint about work.
"Если я сейчас не буду готовится к физике с математикой но начну жестко чалить когда семестр начнется, все будет ок? Не надо же на каникулах чалить было?",NOISE,Asking for advice/reassurance.
"Я в ахуе с того что татарский и башкирский в республиках рф это просто факультативы или от которых можно отказаться подписав бумажку, а все протесты сделать их обязательными в школах встречаются с издевками по типу «зачем изучать умирающие языки, зачем русским эти языки, они же не виноваты что там проживают, зачем их притеснять». Пиздец бастарына шығып кеткен арсыздар",NOISE,External anger and frustration.
"Люди почему у меня когда в общаге  нету сильного аппетита? Хотя каждый день джим, басик и дофига хожу. Тип за день могу сьесть две булочки и чай и все. Дома нифига не делая дофига ем.",NOISE,Asking about personal observation.
Почему люди принимают все традиционные  и консервативные точки зрения как что то отсталое и негативное? Зачем если вы не разбираетесь в теме делать тупые вбросы? Многие люди из-за этого идут на перекор со своими ценностями чтобы угодить вам в обществе. Тоже мне блять развитые,NOISE,General complaint about people.
Ребята спасибо за поддержку . Я получила мискон во время первого курса за использование АI из за чего мне никто в универе не поможет из за наличия нарушения,ALL_OR_NOTHING,Assumes 'no one will help'.
"Если мне одобрили свс статус, то я могу просто заселиться в общагу ничего не делая?",NOISE,Asking for information.
"я первашка, насколько safe оставаться здесь учиться? После всех новостей хочется перепоступить т-т",DISTRESS,Expresses desire to escape.
"Бля я в ахуе с того как щепетильно скрывают идентичность фейсмашника. Будто зеницу ока охраняют. Пиздец, слейте его уже, че за хуйня? Вряд ли вас вычислят, если анонимно в пост отправите, наверняка уже больше десятка людей знают кто это, их всех не будут же допрашивать? Типа такие особенные, только вы знаете, остальным простым смертным нельзя? Подавитесь говном,  ебланы.",NOISE,Intense external anger/frustration.
Я ноль в программировании. кс 115 совсем сложно будет?,ALL_OR_NOTHING,Self-labels as 'zero'.
"Ситуация с бассейном в университете вызывает у меня серьезное беспокойство. С тех пор как его отдали в аренду и начали пускать посторонних людей за плату, условия заметно ухудшились. Вода часто грязная, я неоднократно замечал слюну, волосы и другие загрязнения, а пол вокруг бассейна постоянно в каком-то грязном состоянии. 

Примерно недавно я заразился кожанным заболеванием (Фолликулит) из-за чего делал операцию. Примерно по анализам все причины вели к бассейну, так как именно перед этим я увеличил его посещение несмотря на недостаточный уровень санитарии. 

Очень хотелось бы, чтобы университет пересмотрел свои подходы к использованию бассейна и уделил больше внимания гигиене и поддержанию порядка.",NOISE,Detailed complaint about facility.
Я хочу суициднуться. С кем можно поговорить?,DISTRESS,Expresses suicidal ideation.
"Надеюсь  и рад за тех у кого сегодня был хороший день. За последние две недели я увидел больше негатива чем за все три года в унике. No matter what, stay human",DISTRESS,Venting about overwhelming negativity.
Я думаю что у олимпиадников и гениев есть некоторые спектры аутизма которое помогает не уставать от изучение програм и прочей вещи. Не такое сильное как 'открытых' аутистов но все таки есть.,NOISE,Speculative opinion/theory.
Забыл про реситку калк2 у Жанботы. Меня выгонят из курса? Что-то страшное будет?,NOISE,Asking about consequences.
"Меня стебут за неправильное произношение слов в русском языке, я сама казашка и начинала учить русский  в 11 лет, сейчас мне 18, но все равно мой уровень далеко  не беглый и продвинутый.  И моя подруга, и друзья и  сокурсники пародируют мою речь и слова, которых я неправильно произношу, из-за этого у меня нет уверенности и всегда хожу замкнутая. Как быть? Может просто разговаривать на казахском, даже если все рядом на русском, просто иногда стремно. Блин, мне так стыдно.",DISTRESS,"Expresses shame, lack confidence."
"Употребление фруктов вызывает у меня меланхолию и суицидальные мысли. Я хз почему, просто собственное наблюдение. Психологически хуево мне становится всегда в сезон урожая (конец лета - начало осени) и после НГ когда нажираюсь фруктами на каникулах и такое появляется только когда у меня есть доступ к фруктам.

Может быть что это какая-то ебнутая аллергия? Я слышал что аллергия может вызывать перепады настроения независимо от остальных симптомов и думаю мб у меня как раз такая вещь",DISTRESS,"Expresses suicidal thoughts, melancholy."
"Что такое неделя мидок? Какая именно неделя считается ею? У меня они всегда в разные дни и недели, поэтому было бы интересно понять что под этим подразумевается",NOISE,Asking for information.
"шынымды айтайын. Батыстанмын и меня конкретно заебала вот эта мамбето-озабоченный взгляд на жизнь. Ауыздан дұрыс сөз шықпайтын, приколдары конченный боғауыз бен интимкаға толы долбаебтар конкретно адамзаттан көңілді қалдырады. Осы адамдар өзге адам жайлы қотақ та ойламайды. Алдап, адамға зиян келтірсе бедел ретінде көреді. Негізінен проблеманың көзі осы 'бедел' деген сөзді 'ар' деген сөзбен алмастырғаннан-ау деймін. Анандай қотақбастарды қуан далада көрсем періп, трусиына дейін тонап кететін нахуй.",NOISE,Expresses strong external anger.
В hh всех так быстро и часто отшивают или это только я такое гавно?,ALL_OR_NOTHING,Self-labeling as 'гавно'.
"Хватит смотреть на экран моего ноута, чел, который живет со мной. Пожалуйста, перестань. Почему тебе нужно всегда знать чем я занят?! Надеюсь ты прочтешь это. 
(на экране текстбук просто, но все равно неприятно, когда мониторят все что делаешь и следят за каждым шагом)",MIND_READING,Assumes other's intrusive thoughts.
"Неге осы бұрын артынан жүгірсемде қарамаған қыздар қазір уже қызым бар кезде алдымнан жылтыңдап шығып қыр соңымнан қалмай өздері инициатива бастағыш болып кеткені бар?
Неге бұрын жәй маған толық ашылуға мүмкіндік бере салуға болмас еді?
Ішімдегі сырымды ойымды жан дүниемді емес сыртыма ғана қарап тон пішіп пока деп қол былғап кететіндер қазір енді неге ойлары ауыса жөнелді ?
Бұл өзі қандай үрдіс өзі ?
Шынымды айтам түсіне алар емеспін...(

Әрине енді менде қарамаспын бірақ қолымда ештеңе жоқта қасымда болған маған мүмкіндік берген, маған арам оймен емес шын сүйіп болған адаммен болмақпын. Бірақ кешегі қаншама ойлар мен жүрегімді жаралаған ақ сызық пен жігіттік назды кездерім өшпек емес ( 
Дүние мен ер адамның келбетілігі жәй дүниелік тереңдікте нанға да жағып жей алмайтын құны арзан қасиеттер ғой.",DISTRESS,Expresses past emotional pain.
"Guys как вы справляетесь с чувством несправедливости. Почему мои ровесники кайфуют на деньги родителей and living their best life на чиле - когда я должен подниматься на тот уровень работая с утра до вечера. Позже это они еще недооценивают говоря что кто так будет работать. Так пусто после этого в голове только чувство несправедливости. Как вы справляетесь с этим, вроде взрослый уже человек но никак не могу контролировать и побороть эти чувства. Не всегда но раз в год чувствуется.",DISTRESS,"Expresses feeling injustice, emptiness."
"Откуда в джиме столько людей. Я думал в феврале все отвалятся, а их ещё больше стало.",NOISE,"Situational observation, mild surprise."
"Ребят у меня финансовые проблемы, как можно заработать 20 тысяч срочно? Я никогда не работал но ввиду некоторых событии у родителей не могу простить денег.",NOISE,Asking for practical advice.
Что за чек ап гайс? Мне ничего на почту не пришло? ????‍????,NOISE,Asking for information.
"Я есть в чате НУ Алматы, я есть в чате НУ Астана, я есть в чате НУ Актау, я есть в чате НУ Павлодар, я есть в чате НУ Караганды, я есть во всех региональных чатах",NOISE,Stating factual presence.
"Если я астана резидент, то все равно могу по страховке зуб пролечить? Где можно найти адреса клиник ?",NOISE,Asking for information.
"выпил литр испорченого молока, am i cooked",ALL_OR_NOTHING,"Catastrophizing, black-and-white thinking."
"Если я закрою кс111 в этом спринге, то могу взять летом кс115? (я ссх) Или если брал кс111, то вообще никогда не могу брать кс115?",NOISE,Asking for policy clarification.
"США рассадник всех тупых трендов и изъянов общества из-за необразованности людей 
Prove me wrong",ALL_OR_NOTHING,"Extreme generalization, black-and-white."
"Недавно узнал про Кажымурата Акназара, и я просто не верю, что он покончил с собой. Я готов поверить во что угодно, но не в суицид. У него буквально были открыты все двери мира. Неужели никто не стал заводить дело?",ALL_OR_NOTHING,"Black-and-white belief, absolutes."
"Почему доллар начал резко падать? Я удалил все соц сети, кроме тех для работы, поэтому i am out of touch",NOISE,Asking for information.
"Всегда бесила эта тема типо, когда тебя бьёт ребёнок, девушка, пожилой человек, то надо терпеть. Типо бить в принципе никого нельзя, но если тебя бьют мне кажется надо бить в ответ. Понятное дело надо силу ограничивать во избежания серьезных проблем. И да, понятно что если бьёт очень слабо можно убежать или уйти, но в случае когда реально больно, мне кажется надо бить в ответ однозначно",NOISE,Expresses strong external opinion.
"Пиздец накипело бляяяяяя

Вот нахуя люди ходят по парковачным местам, я понимаю по боку. Ты нахуй на дороге находиться не должен когда рядом место для пешехода долбаеб. Сигналишь таким и говорят 'объедь'. Ты блять на дороге стоишь, даун ебанный",NOISE,Expresses strong external anger.
"У меня одного в комнате запах появился?
Невозможно дышать просто
С каждым днем усиливается, все проверили ничего нигде не гниет
27.7",NOISE,"Situational complaint, asking advice."
"So I know that some students use focus tree app, but I can’t register. After I fill phone number, I press continue but it does nothing( what do I doo, why does it say +76 code for kz instead +7?",NOISE,"Technical issue, asking advice."
"Странно, в ютубе все видео и шортсы не открываются. Пишут, контент unavailable. Но даже местные видео не могу посмотреть. Что не так? У кого ещё так? У меня нушная почта.",NOISE,"Technical issue, asking advice."
Я устал уже от этого рисерч проджекта про CRISPR.Я такой даун что выбрал это.Это даже не понадобится мне в будущем так как я иду в кс.Блять я заебался,ALL_OR_NOTHING,Self-labeling as 'dumbass'.
"Ребят, давайте договоримся все не наступать на желтые полоски на полу, потому что один раз я видела как уборщицы чистят их зубными щетками и губками до блеска???? Это простая просьба и им будет легче самим потом, они же для нас стараются",NOISE,"Community request, observation."
"if you like wearing hoodies and only hoodies to your lectures and outside of them why do you only have 1 hoodie? or did none of your classmates want their alumni hoodies so you have 7 of them for every fucking day of the week? like i can understand wearing the same shirt for a couple of days, especially if you only wear those when you go outside, but the same fucking clothes every single fucking day is not just being poor, its gross.",NOISE,"External anger, complaining."
"Если у меня слабый уровень казахского, то мне придется закрывать все курсы с начального до С1?",NOISE,"Factual question, policy."
"В моем жк установили Face ID домофон и нас попросили скинуть всего одну фотку как на документы. Домофон исправно работает и узнает лица. Почему ну не может сделать так же? Третий день пытаюсь перейти по той ссылке, она у меня даже не открывается (((",NOISE,"Situational complaint, frustration."
"Почему индусы/пакистанцы здесь такие вонючие? Даже учитывая что у меня после короны обоняние совсем никакое, после 15 минут нахождения с ними в одной комнате меня тянет блевать если не открыть окно чтобы проветрить. wtf",NOISE,"External anger, prejudiced complaint."
"Сказать честно, мне действительно жалко что извращенцу влепили просто штраф, а не уголовку за то что вполне является сексуальным домогательством. Но доксить парня (при том что нет официального подтверждения что это тот самый) все равно плохо. Даже если это и есть тот самый 'фотограф' подумайте об членах семьи и близких, которые вряд ли имеют отношение к ситуации, номера и контакты которых наверняка найдут озлобленные 'нормотворцы' после того как инфу об парне опубликовали",NOISE,"Opinion, discussion of event."
"Бля, читаю комменты под каждым новостным постом про туалетного извращенца в ну, это пиздец. Осы комментерді жазған топас еркектер, сендер жалпы адамға ұқсайсындар ма? Малдар мен хайуандар даже солай істемейді, нағыз сорлы мисыз қотақбастар. Timi, или кто ты, нахера поднял шумиху в самый неудачный момент и жесткий виктимблейминг спровоцировал учитывая долбоебское отношение общества к таким видам извращений?",NOISE,"External anger, strong frustration."
мне интересно почему у нас такие странные полы в унике? плитки все разных оттенков и текстур,NOISE,"Curious observation, question."
"Хахха бля у моих родственников всегда один повод со мной пообщаться - скандалы с НУ, в какой-то мере еще и отражающие пиздец в нашей стране, в целом",NOISE,"Situational complaint, observation."
Нахуя люди начали делать все в шоколаде бляяя финики в шоколаде так еще и некоторые просто фисташки нахуй кладут и называют это дубайской начинкой я вахуе,NOISE,"External complaint, exasperation."
все кто учатся на полит сайенс хорошо помнят историю? мне так стыдно учиться на этом мэйджоре и не помнить многие вещи из курса истории…,ALL_OR_NOTHING,Global shame about major.
"Я не одобряю действия Тими, но вам не кажется что вы уже переходите черту с буллингом? Все забыли про существующие проблемы, про того чувака с туалета и просто банально начали чморить студента, который как такового ничего плохого не сделал. Он поступил неправильно, но особо харма нам студентам не причинил. Как будто у нас проблемы резко все исчезли в унике и остался только Тими. В anti open NU только его личность и обсуждают, а за 4-5 месяцев существования они так и нихуя не добились. Просто слова",NOISE,"Opinion, criticism of others."
"“Улан помогал Тими а он какой неблагодарный обижается на мем” или “ Научись принимать критику, раз начал движение” бл гайс если Улан помог этому Тими то спасибо ему за то что поддерживает это движение, но “мем” такого характера прикиньте но может быть обидным и оскорбительным. И это ок, что человек может обижаться на такую форму “шутки”, а то что вы сейчас делаете это pure gaslighting. Мне похуй что там с его движением, может он и правильно все делает или нет, но тот мем на канале с 4к подписчиками было лишним точно.",NOISE,"Opinion, criticism of arguments."
"Люди 93-98 года, вы вообще существуете? Все кого я знаю либо старше либо младше",ALL_OR_NOTHING,Absolute statement about people.
"Во всей ситуации с Уланом, Темирланом и т.д., меня честно бесит тот факт что все коллективно забыли о проблеме харассмента. И я вижу в комментариях одних парней критикующих этих ребят. Как всегда парни сделали все о себе, когда у девушек реальная постоянная угроза их здоровью, безопасности, психики и жизни. Почему-то не поднимаются истории харассмента, которых куча. Даже недавно проблема всплыла одна. Все фокусируются на том чтобы буллить или защищать этих ребят, и опять же эти 'все' это одни парни. Я понимаю что сложно понять когда с этой угрозой не живешь каждый день но хотя бы проявите немного уважения, а то все мем тот, репутация универа и т.д.",ALL_OR_NOTHING,Absolute statements about 'everyone'.
"Я очень благодарен комьюнити НУ за то, что большинство людей очень воспитанны и культурны, не станут трогать вещи, которые ты мог оставить. Всегда спокойно оставляю вещи в лайбе и уверен, что по приходу обратно никто ничего не трогал). Один раз так эирподс два дня лежал",NOISE,"Positive observation, gratitude."
"если я добавлюсь в споти семью, то учетная запись и все песни станут общими? или все как раньше только платить меньше",NOISE,Asking for information.
"бессонница > начинаю пить транквилизатор > начинаю спать, but have nightmares that keep waking me up > feeling tired all day because having nightmares is same as having to solve puzzles in your sleep 

и при всем этом, горжусь собой за то, что держусь достойно",DISTRESS,"Describing ongoing struggle, fatigue."
"Мне не нравится отсутствия репрезентации СМГ. Каждый раз когда говорят про школы в ну это всегда СЕДС и ССХ и иногда проскакивает НУСОМ но СМГ как будто тот самый средний ребёнок о котором все забыли .
Требуем больше упоминаний СМГ
????????????",NOISE,"External complaint, advocacy."
"Я русскоговорящий казах, не знающий казахского. Вся моя семья русскоговорящие, хотя большинство знало казахский, но со мной никогда не разговаривали на нем. Город и окружение, в котором я вырос, тоже очень русскоговорящее. Соответственно исходит ситуация: я не знаю казахский, но он мне, по сути, и не нужен был. Я ходил в казахский садик, раньше говорил на казахском чисто, но забыл, так как не с кем было общаться на языке. С подростковых лет начал чувствовать неудобство и дискомфорт от незнания казахского, банально иногда от невозможности ответить на казахском до внутреннего патриотического стыда. Я ходил на курсы, но они были некачественными. Вопрос: есть советы по изучению языка? Может вы знаете индивидуального учителя по казахскому? Онлайн-курсы добротные и т.д. Буду рад любому совету",NOISE,Asking for advice.
"Почему тайский ананас продается в пластиковых пакетах очищенным? Фиг поймешь где и кто и как его чистил, я ну оочень люблю ананасы но чот боюсь тайский пробовать",NOISE,"Asking question, expressing worry."
"Я конечно все понимаю в угоду баланса, но почему флот германской империи воюет против современных антикорабельных установок российско-украинской войны в вар тандер?",NOISE,Situational game complaint.
"Lights on нереально классный ивент, все спикеры были супер интересные!! Я пришла просто послушать и было очень круто, спасибо оргам!",NOISE,"Positive feedback, irrelevant."
I'm sick and tired of bein' sick and tired,DISTRESS,Expressing extreme exhaustion.
"пришло письмо «Your data has been deleted” от Salta Orion, Facial Recognition который от НУ. Я там никогда не регалась, но в начале приходили письма типа зарегайтесь чтобы вас впускали на турникетах. А сейчас пришло такое письмо. Это что?",NOISE,Asking for explanation.
"вы заебали одну стирку закидывать и за ней сразу вторую в ту же машинку. Я блять уже сколько часов жду эту ебаную стирку, никуда не уходя и все блять наглые твари эту хуйню юзают.",NOISE,Expressing external anger.
"Всем Ассалаумагалейкум!

Как найти работу будучи первашом без каких либо талантов/умении? Я не претендую на высоко/среднеоплачиваемую работу. Надо хотя бы просто поработать разнорабочим, где искать вакансии? Я ранее никогда не работал и совсем зеленый в этой теме, прошу дать пару площадок (чтобы не забрали в рабство)

Рахмет",NOISE,Asking for advice.
Завтра что-то происходит? Что-то все переносят. Я в танке.,NOISE,Asking for information.
"Звонили с неизвестного номера. Отвечаю и там музыка сыграла. Ничего не говорят. Звонок сбросился. До этого какой-то странный мужик ходил туда сюда около меня рядом с входом в уник у остановке. Когда хотел зайти, он сразу за мной пошёл и спросил можно ли входить в уник в любое время после 12 ночи. Либо я параноик, либо что?",NOISE,"Situational worry, questioning."
"Это просто пиздец мой тариф теле2 за год вырос с 3.5к до 7к, может пора им дать нагоняйчика?",NOISE,"Situational complaint, anger."
"TW

Последние несколько месяцев меня сильно мучали суицидальные мысли и я строил планы. Я никогда не наблюдался у специалистов, хотя у меня были несерьёзные попытки в прошлом и в общем я не знаю как помочь себе",DISTRESS,Expressing suicidal ideation.
"Я кнш понимаю наурыз все дела, но целый день кипиш и еще и вечером музыку на весь универ включать это уже слишком… понедельник, студенты вроде как учатся, а тут врубили мда. Очень мешает, не универ а трц какой то",NOISE,Situational complaint (noise).
"Я не смог найти документы подходящие, но как отпроситься в уроков по случаю смерти родственника? что нужно кроме справки о смерти и куда все это вообще сабмитать?",NOISE,Asking for advice.
"Привет всем. Если у меня контракт RA примерно до второй половины мая, на лето разрешат ведь остаться? Спасибо.",NOISE,Asking for information.
"Я в первую же минуту, я прочувствовал на себе атмосферу сцены, отлично передающую школьные дни не совсем обычных, но все таких же детей какими мы все были. На второй минуте, я услышал актеров. На третьей - увидел их игру. Два часа, пока шла постановка, все два часа я чувствовал себя… вовлеченным. Первое же, о чем я подумал по завершению - это «Сколько же работы, и в первую очередь сил, было потрачено на все, что сейчас произошло». А знаете, видя её результаты, невольно задумываешься - вот она, жизнь. Блеск в глазах людей, гибкость в их движениях и энтузиазм в каждом сказанном слове. Браво, Театр. Это было прекрасно. Спасибо вам за столь восхитительную интерпретацию Общества Мертвых Поэтов. Вы действительно поймали и полностью прожили момент. О капитан, мой капитан!",NOISE,"Positive review, irrelevant."
"Что делать с навязчивой тревогой, со школы преследует мысль что люди вокруг ненавидят меня и могут нанести вред. Сознательно, я пытаюсь донести себе что это моя мнительность, но тревога от этого не пропадет. Иногда начинаю буквально трястись от нервозности когда ловлю на себе слишком много взглядов",MIND_READING,Assumes others' negative thoughts.
"Я математик.

Только сегодня я понял, почему у математиков жёсткий коннект и понимание друг-друга.

Просто мы все до одного школьные ботаники :D",NOISE,General observation/joke.
"Хочу по приколу выучить какой-нибудь язык, в тайне от знакомых, чтобы в один день встать и притвориться что я забыл все остальные. Какой можно взять?",NOISE,Asking for advice.
Я один хочу уничтожить всех людей которым дует,ALL_OR_NOTHING,"Extreme, absolute wish."
"Мне теперь кажется группы просто специально ждут пока дофига очереди соберется. Потом стоят и смотрят. И тешат свою гордость. Видите же что уже люди собрались, зачем не начинать впускать?",MIND_READING,Assumes others' negative intentions.
"Я один заметил что в других униках как человек становится студентом он худеет, а у нас наоборот все на 1 курсе жиреют",NOISE,"General observation, question."
"Привет, кто-то может посоветовать где лучше всего брать доставку пп-питания в Астане?
Их достаточно много, но я не знаю какие из них лучше ????",NOISE,Asking for recommendations.
"У меня в принципе да, имеются проблемы с концентрацией сами по себе, но как же заебали челы которые постоянно 'прочищают' горло либо шмыгают носом в лайбе каждые пару минут. Даже в наушниках постоянно слышно и отвлекает. Я могу понять с одной стороны, все мы люди, разные проблемы, с другой почему такие люди не выходят на пять минут в уборную чтобы как-то это порешать, попить воды, зато сидят больше часа на месте и постоянно издают эти звуки каждую сука минуту до последнего вместо того чтобы выйти и разобраться с этим нормально",NOISE,Situational complaining/anger.
"я не понимаю логику руководства. Опен-кампус - зачем? Чтобы что? Ничего не подготовлено нормально, лишние деньги потратили на орегон, дополнительные часы охраны, повысили строгость проверки проезжающих машин, что аж скорую нормально запустить не могут. Открывают ворота, потом закрывают, тысячу раз калитку чинят, время и внимание тратят на все это - и чтобы что? Зачем вообще вводить политику, к которой ничего не готово? Это даже денег не приносит, только лишние траты, если смотреть на вопрос с финансовой стороны.",NOISE,Complaining about management.
"Всем привет! Такая вот ситуация. Мен озим Астана резидентпин и енди уйимнен уникке дейин велосипедпен журетин боламын. Бирак келетин уакытым сагат тангы жетте, ал ол кезде Кабанбай Батыр кошесиндеги какпалар жабык болып турады. Енди велосипедти униктын территориясына калай киргизсем болады? Оны тасып отырмайды шыгармын охранный будкасындагы турникеттен откизип. Astana residents who commute by bikes really early, how do you manage to get your bike into the university's territory?",NOISE,Asking for advice.
Я синьор квот скинул утром 15-го. Норм? Или не примут? Пиздец мандраж боп турдым гой,NOISE,Situational anxiety about acceptance.
"Всем привет! Можете подсказать, сколько нужно оплачивать, если у меня есть контакт по ра или стажировке, и когда нету его",NOISE,Asking for information.
im committing suicide if i see one of those 'Face Tracking Add On' videos on youtube again.,ALL_OR_NOTHING,"Extreme, absolute reaction."
"Вот бы сделали ивент где соберут выпускников  спец школы как ниш, ктл, рфмш, айканат. Я знаю что ниш аламни, айканат итд как то там проводят встречи. Нишевцы вроде бал устраивают. Может что такое для всех спец школ замутить? Как можно это организовать? Тут есть представители данных школ и объединений? Что вы скажете?",NOISE,"Suggesting idea, asking."
"почему так странно расставлены ребята в денс клабе? я смотрел с балкона, и будто задние ряда танцевали иногда лучше чем передние, хотя мб это какая та стратегия такая хз, но все девочки явно были хот и маленькая девочка в Дженни было неожиданно",NOISE,"General observation, question."
"98
69
91

есть шансы на проход или уже все?????

если нет шансов, то я порежу себе вены сегодня.",ALL_OR_NOTHING,Extreme self-harm statement.
"Вам не кажется что тетя которая накладывает еду в корнере в последнее время очень злая? Когда подходишь и просишь наложить еду, она просто игнорирует тебя. И даже если заметит и наложит, буквально швыряет в тебя эту тарелку. Я думал просто устала, но оказывается нет. Когда я подошел в обед, она относилась так же. Из-за этого особо и не тянет в корнер в последнее время, даже если вкусно",MIND_READING,Assumes others' negative emotions.
"Сервис деск так классно работает. Я написал письмо в 17:13, они уже все сделали 17:43",NOISE,Positive observation.
"Лол, у нас в унике совсем с бабками проблема? Подался на ISSAI, а они готовы принять только если им лям занести.
Ладно если бесплатно было бы, без выплат как у РА, можно было потерпеть, но нет нужно заплатить за участие. Pay2Win крч а не меритократия.
И это не только мой кейс, а ещё 3 моих знакомых, все достаточно успешны в учебе/работе. Хз, что им  не понравилось в нас",NOISE,Complaining about system.
"it's okay to be angry sometimes 

my mother always told me it's better to be pissed off than on",NOISE,General life lesson.
"Мои друзья жестко шарят за программирование хотя и не учились на CS некоторые уже работали и за парт тайм получали афигенную зп для их возраста 

И хоть мой мэйджор(экон) не связант с прогой, страхи что без умений программировать я останусь ненужным специалистом и не смогу найти высокооплачиваемую работу не покидают меня.

К тому же эти чуваки уже находят себе работу, я испытываю фомо

Но самое страшное что мне не нравится програмирование изза того что оно сложное, я пробовал его изучать, но не смог.

С одной стороны не хочу учиться прогать потому что неудачный опыт, не приносит большого кайфа, вопросы о том нужно ли мне это
С другой стороны возможность стать эмплойед без диплома с отличной зп",DISTRESS,Expresses future inadequacy anxiety.
"Студенты работающие на удаленке, сколько вы зарабатываете? Я получаю около 550, но все равно будто мало, ощущение, что вечно отстаю от своих сверстников, не знаю как с этим справляться. Поэтому работаю на износ, пытаясь заработать больше.",ALL_OR_NOTHING,"Вечно отстаю, absolute feeling."
"Вообще, считается что в НУ учатся гении, интеллектуалы, я тут учусь всего год и результаты средние но умным себя не ощущаю. Да и в целом от того что учусь умнее себя не чувствую, у кого так же? Что нас делает реально умными? ( и да могут быть ошибки я русский не гаварить)",NOISE,"Self-reflection, questioning identity."
"Спустя 20 часов игры в хой я понял что самый сильнейший флот британии можно отправить на дно используя всего лишь 60 немецких подлодок, это безумие!!!!",NOISE,"Game commentary, expressing excitement."
"Всем привет, хотел спросить

Вот допустим я не пройду военную кафедру, там по критериям не пошел и всякое

Получается, что после учебы я буду год служить в армии? И какое звание будет

А если я прошел, то сколько я буду служить, и какое звание получу?

Я пытался узнать, но что-то не до конца понял",NOISE,Asking for information.
"Нужно ли что нибудь подучить заранее перед тем как поступать на сивил, чтобы не париться, или все что мне нужно объяснят уже по ходу обучения? Есть очень базовое понимание физики, пусть и очень многое подзабыл, и абсолютное нулевое в инженерии",NOISE,Asking for academic advice.
"Крч ебанутая история:

Захожу в инстаграм, вижу рекламу 40 (условно) бесплатных шрифтов для рисовать, захожу на ссылку, там телеграм ботинки, просто смотрю ссылки и выхожу.

Потом видимо сам продавец замечает игнор и вечером мне приходит сообщение от бота:
'привет
Покупайте заебал'

Я ахуел от жизни в этой момент, пусть все эти инфоцыгане идут нахуй, пидорасы блять.

(Сори за маты, я просто в ахуе с произошедшего)",NOISE,"External anger, strong complaining."
"я устала морально, я своего друга уже дохуя времени поддерживаю и помогаю чем могу. Он в свою очередь все свои проблемы мне рассказывает под эгидой « доверия» и я всегда его как мужчину вправляю. Сегодня на 7 мая подарила дохуя всего сама влезая в долги … а он блять в сторис  выложил как он типо добивается одну девушку. Я не то что ахуела , типо ебать… мне очень обидно что я как тряпка осталась , хочу отомстить, пожалуйста помогите мне забыть его и убрать эту боль и огромную обиду.",DISTRESS,"Emotional pain, hurt, betrayal."
"Давайте дружно останавливать лаундри всем тем, кто вытаскивает чужие вещи, когда они стоят там даже не минуту и кладут в чужие пакеты. Не знаю, кто ты, но я так и сделаю, чтобы ты, больше не трогал/(-а).",NOISE,"Situational complaining, call to action."
"Привет, подписчики ВА и Тумбы! 
Это Даурен, на протяжении трех лет я выкладывал здесь ваши посты. Я окончил универ и решил, что пора двигаться дальше. Рахмет что были и есть все это время с нами, это была приятная часть моей рутины. 
Не переживайте, Еркебулан @procrastipredator продолжит вести каналы, но уже без меня. Желаю ему и вам удачи.
さようなら！",NOISE,Informational farewell message.
"Я отлично закрыл прошлый и этот семестр. Ради этого я усердно учился все время, вроде получал удовольствие и от процесса тоже. Когда я получаю оценки, я радуюсь максимум 5 минут, и все. Так грустно становится от этого. Это вроде то, ради чего я пахал все это время, но радости супер много оно мне не приносит. После этого все старания кажутся напрасными, как-будто в пустоту",DISTRESS,"Sadness, feeling of emptiness."
"Блин, я уже выпускаюсь и недавно поссорилась с подругами, и я осталась без друзей, чувствую себя очень виноватой и одинокой, ведь больше с ними никак не переговорить и обсудить, хочу умереть …
Больше в жизни не будет друзей ?",ALL_OR_NOTHING,"Не будет друзей, absolute prediction."
I hate Bronte from You season 5. Dogshit ugly character,NOISE,Dislike for fictional character.
"Блин ненавижу себя. Есть 2 курса которые по материалу и темам очень перекликаются друг с другом. Я один в фолле закрыла на А, а второй на В. В спринге я более сложный предмет закрыла на А (сама удивилась), а 2ой котрый как бы в паре с ним по темам, я закрыла на В. Поидее я могла закрыть оба на А- или В+, если бы у меня были силы на оба эти предмета. Но я смогла сконцентрироваться только на одном нормально, а второй чуть ли не запорола, второй был на грани С. Гребаное сдвг.",DISTRESS,"Self-hatred, emotional pain."
"Универ предоставляет статсы людей, поступивших на мастерс? На бакалавриате вроде есть, но я не нашла ничего про мастерс",NOISE,Seeking factual information.
"Я не верил в practice maketh perfect until I stumbled upon kadir's channel. You can clearly see his progress in photography. First, his ass photos, now it's as if his photos are from cinema. Absolute cinema. No excuses for me now crying emoji crying emoji",NOISE,"Self-reflection, observation, motivation."
"I am kinda curious, почему в военкомате парней заставляют снять трусы, повернуться к стене, раздвинуть ноги и встать раком перед комиссией? Все мы проходили это, но не понимаем зачем",NOISE,Question about puzzling situation.
Я четвераш. Совсем не вдупляю про процесс градуэйшн. Что за rehearsal? Уже нужно начать арену мантий? Что мне нужно начать делать? Как действовать? Даже друзей нету чтобы спрашивать.,NOISE,"Seeking information, feeling lost."
"Читали новые правила общежития? 

Теперь ВСЕ должны мыть кухню по очереди, независимо от личного пользования. 

Вопрос такой, а хули я должен убирать за кем-то, когда сам не пользуюсь? 

Люди там будут мусорить, остатки еды и гниющее мясо в мусоре, а я убирай за ними?

Бойкот! Ставьте реакцию если не хотите мыть кухню за других",NOISE,"Complaining about rules, protest."
"Нас в военкомате заставили в трусах стоять, когда это не нужно? Твой осмотр идет 10 секунд, ты просто долго ждешь очередь.
Я принес халат, мне запретили его одевать
Чел пришел в шортах, которые НИКАК НЕ МОГУТ мешать при осмотре, все равно все идут доебываться до него, 'че ты ломаешься? Не мужик что ли' такой дебилизм видеть как взрослые люди взрываются от ярости и спорят как дети со школьником... а он спокойно отвечает что не будет снимать их
Короче не понял почему голые стояли когда нас нормально не проверяют даже, у меня плоскостопие 3 степени и он говорит это нормальная пятка, ага конечно, там даже в обуви видно что у меня нога проваливается. Я даже не помню что у нас проверяли что нам надо в трусах стоять (там было 1 помню). Босиком заставили стоять на холодном кафеле, по любому заболели некоторые",NOISE,Complaining about unfair situation.
"Мне одному кажется что в этом году слишком много тех кто полетел в штаты по в&т? В этом году всем визы одобряли или как? Почему когда я искал хоть одного кента в прошлом году, не было никого??",NOISE,"Seeking confirmation, observation."
"Я один никогда не понимал почему выпускникам школы нельзя праздновать после последнего звонка в караоке, кафе? Типа ок если после 23:00, но нет же, они проверяют и отправляют фото даже если время 14:00 и вы просто чиллите, поете, едите????",NOISE,Situational complaint about rules.
"Всем привет!

Получилось так, что я перехожу в другой университет, а получается так, что им нужен мой аттестат.
Я не делал копию в нотариусе. 

К кому нужно обратиться, чтобы забрать его из НУ?",NOISE,Asking for information.
"Ремастер Трилогии Сталкера это просто ужас. Оптимизация говна, графика улучшилась минимально. Конечно же русская культовая озвучка убрана) Решил выбрать английский язык так как я не знаю української мови. Английская озвучка тоже говно, но самое главное что им было впадлу добавить эту озвучку во все диалоги, так что второстепенные диалоги все равно проигрываются на украинском.))",NOISE,Expressing anger about game.
"Почему выпускной так поздно в июне проводят? Мои знакомые кимэповцы в мае уже выпустились с дипломом!! Я не могу на стипендии, на визы, вообще никуда податься из-за этой тупой даты",NOISE,Complaining about external situation.
"все друзья получили оферы на стажки. некоторые сами нашли,некоторым отправил сас. сам я подался тоже,но почему-то ничего не получил. чувствую себя второсортным человеком, у которого все в жизни фигово и никто не хочет попадать в это говно",ALL_OR_NOTHING,Global negative self-evaluation.
"Блять что за хуйня, я не начинал подписку на этот Ютуб мьюзик и теперь я не могу убрать её потому что кнопки 'cancel subscription' нет как на всех гайдах сукаа я просто ненавижу эти корпорации",NOISE,Expressing anger and frustration.
"ксники молю вас, кто нибудь почините сайт САС бесплатно, я устал не получать сообщение о восстановлении пароля",NOISE,"Asking for help, frustration."
Everyone be hating on AI but I just cant wait for a personal J.A.R.V.I.S.,NOISE,"General observation, preference."
"Скачал сегодня тредс. После 15-го рейджбайта подряд и непроизвольно сказанного 'пиздец' над тем как много реакций и комментов под этими постами, удалил нахуй это приложение 

Искренне не понимаю этих людей. У меня бы на их месте уже проблемы с ЦНС начались",NOISE,Expressing strong frustration.
"Я казах, который не говорит на казахском языке

Просто не люблю изучение языков, всегда был технического склада ума

И если кто то скажет за русский язык, то и с русским языком были проблемы в школьное время

Хуже ли я от этого как человек? Вряд ли

Поэтому, надеюсь прогресс уже дойдёт до того, чтобы был слуховой имплант с трансляцией голоса собеседника на твой удобный язык ????????",NOISE,"Self-reflection, hypothetical questioning."
"по поводу языка. Я тоже выросла в русскоговорящей семье, в школе всегда была проблема с программой казахского, мы почти никуда не двигались, и отношение учителей к тебе за незнание еще сильнее отбивало это желание у многих. Я лично очень люблю и уважаю свою культуру, но почему-то выучить казахский на продвинутом уровне (сейчас у меня средний+-) мне препятствует отсутствие хороших качественных материалов. Платные курсы в основном идеально доводят людей до базового уровня, для тех кто и слова на казахском не промолвил до этого. В общении мне тоже бывает тяжко. Мне если честно, обидно от осуждения со стороны людей, которые выросли в семье и среде, в которой все говорят на казахском и шеймят других, кто старается, но не всегда хорошо получается. Возможно этот экспририенс для вас был бы другим. Очень жаль, что в нашей стране не берутся за продвижение доступных материалов по изучению языка, не открывают больше возможностей для курсов. И если они даже есть, то в сравнении с английским, они и рядом не стоят",DISTRESS,Expressing hurt from judgment.
"Никогда не пойду за парнем. Я не поеду за ним исполнять его мечту. Я не буду дополнением и развлечением когда он будет работать. Я тоже хочу трудиться и добиваться своих целей. Либо совместный  выбор, либо ищи себе другую куклу",ALL_OR_NOTHING,Absolute statements about relationships.
Все таки это настоящий талант отмечать людей в сторисе инсты чтобы их юзернейм не было видно. Или я прост хз как это сделать,NOISE,"Casual observation, question."
Бля как же нашему унику похуй на интегрити. Сейчас думаю если бы трамп так надавил на ну они бы сразу уялмай подстелились бы и слили все наши данные и тд типа моя хата скраю,NOISE,Expressing anger at university.
Мне нечего делать. И друзья все заняты. Что делать? Как вы вообще проводите сейчас время?,NOISE,Asking for advice.
"обьясните пожалуйста, если я захочу поступить на магу, условно тоже в ну, то я могу получить отсрочку на 2 года обучения или отсрочки не будет, тк я израсходовал свою отсрочку и меня, с учетом того, как уник сливает данные вообще всем, просто примут буквально в дорме и увезут?",NOISE,Asking for information.
"Я не понял, военкомат всех пацанов 18-27 лет забирают, и в у себя в участке уже смотрят призывник или нет чтоли?",NOISE,Asking for information.
"Я решил удалить тикток, я устал от негатива",DISTRESS,Expressing feeling tired of negativity.
"если военкомат подойдет забрать, у меня отсрочка есть, но мне будет лень разбираться и чет им говорить, я просто дам деру, полюбому они кого то чейзили уже и устали, за каждым там бегать врядли будут",NOISE,"Hypothetical plan, speculation."
"С начала летнего семестра заботилась о бабушке, тк у нее периодически то поднимается, то опускается давление, и все это сопровождается головокружением, тошнотой и рвотой. Дома я осталась с ней одна, родители в другом городе. 
Каждый день начинался с ее зовов, вызывали скорую каждый день, но каждый раз отправляли домой, и все по новой. Я испытывала/-аю злость и обиду на нее, тк зная особенности своего организма (проблемы с ЖКТ и отсутствие желч. пузыря), она продолжала есть жирную еду и забила на свою диету. Она поступила/-ает эгоистично, будто сознательно полагается на меня, что я никуда и не уйду и буду за ней присматривать, в случае если с ней что-то случится. Так вот, всю эту неделю я настолько морально истощилась, бабушка буквально чувстовалась как обуза, каждые 2 часа убирать ее рвоту, и это еще самое малое. 
Я перестала вообще открывать учебный материал, и вообще не имею никакого желания ни жить, ни продолжать учиться. 

Увидев пост сверху, так же про бабушку, захотелось поделиться. Так сложно терпеть все это, тем более когда ты одна с пожилым человеком..(",DISTRESS,Expressing extreme emotional exhaustion.
"Люди, как можно справиться с инсектофобией? У нас сейчас сезон жуков, и они тупо везде: перестала выходить на улицу вечером, а еще у нас есть щели на потолке и оттуда падают прямо на пол. Думала все станет лучше илм я успокоюсь, но каждым днем мне становится только хуже, не могу спать нормально и просыпаюсь от страха посреди ночи из-за этого. Я понимаю я взрослый челеовек и все такое, но 24/7 чувствую страх и никак не могу справиться с этим",DISTRESS,"Expresses intense fear, anxiety."
"При подаче на дорм, ничего если у меня вообще нет нигде постоянной прописки? Док буквально пустой, там только место рождения. Возможно тупой вопрос, но я немного переживаю",NOISE,"Asks practical question, slight worry."
Завтра вылет и у меня как обычно в тиктоке теперь про недавнюю индийскую авиакатастрофу заполонило с 1 выжившим из всех пассажиров,NOISE,"Observes external event, mild worry."
"И как обычно, я начинаю ценить универ и все время, проведенное тут, только после выпуска... Жёстко буду скучать по всем (кого даже не знаю близко), даже по каждой собачьей какуле в кустах возле мусорки",NOISE,"Reflective sentiment, not distortion."
Пошел на очередную пару летника и попал в день градуэйшна о котором не знал. Все такие красивые и счастливые. Это очень подняло мне настроение и мотивацию учиться,NOISE,"Positive experience, motivation."
Всем уже пришло обновление статуса о sunject to dissmisal? Мне чет еще нет.,NOISE,Asks practical question.
"Вот эти вот дети что ходят на лагерь. Какие же некоторые из них невоспитанные до невозможности. По скайвоку орут на всю котакбас, далбаеб. И тычат на людей говоря что один из них мой братишка, с другим курил, а тот был моей слугой. Вижу идут колонной, и самого борзого плечом задел. После чего, он оглядываясь назад озвучил 'Э далбаебсын ба'. 


Бля я так хотел въебать ему и им всем чтобы эти тупые головы с каждого моего удара осозновали не то чтобы социальную ответственность, да хотя бы адекватность. Я не знаю что их лучше исправит",NOISE,Expresses strong external anger.
"У меня одного не получается зайти на сайт cac? Вводил все возможные пароли, а когда пытаюсь восстановить пароль то не приходит имейл",NOISE,Asks practical question.
Имею ли я право приглашать гостя в комнату и почиллить? Никому не мешаю кста и никто не жалуется,NOISE,Asks about rules/rights.
"Перевелся с гум на сайнс только в во втором семаке третьего года, с полным осознанием того, что будет полноценный пятый год, считаю это лучше чем ебашить в НУ на социологии, чтобы потом по выпуску работать в маке. Выбрал сайнс, так как вижу перспективу и РИСЕРЧ институте заниматься таким, и по программе мне все нравится и идёт все как по маслу",NOISE,"Explains decision, expresses satisfaction."
"Че за хуйня?
Бля человек умер в у нас в кампусе. Всем вам похуй на это? 
Мне капец тяжело думать об этом происшествие,  и что мне надо еще два года учиться в том месте где человек умер.",DISTRESS,"Expresses shock, grief, difficulty."
"Иногда сложно разобраться, где проходит грань между «зависимостью» и естественной поддержкой. С одной стороны, говорят, что важно быть самостоятельным и не висеть на шее у родителей. С другой — ведь именно родители чаще всего готовы поддержать, особенно пока ты учишься и только начинаешь становиться на ноги. Я на втором курсе, и мне всё ещё помогают деньгами. Это нормально?",NOISE,Asks for advice/validation.
"Im jealous of mfs who consume the worst shi possible and nothing happens to them while I have the healthiest diet, sports literally everyday and get sick each month. Im tired of this",DISTRESS,"Expresses jealousy, frustration, tiredness."
"если у кого-то есть рецепты очень легких блюд, приготовление которых не занимает много времени, можете поделиться :) мне 20 лет по идее, но кроме риса, гречки и пары других гарниров ничего готовить так и не научился",NOISE,"Asks for recipes, light self-depracation."
"Серьезный социологический опрос! Вопрос только для девушек, прошу отнестись серьезно. У меня с моей девушке возник спор на тему того, кто когда какает. Она утверждает, что я как парень и то, что я какаю по утрам, это норма для парней. Но она говорит, что девушкам сложнее какать каждый день, практически невозможно какать более 3 дней в неделю, даже если очень сильно хочется. Ссылается она на то, что женский организм устроен иначе. 
P.S.: студентки NUSOM, объясните пожалуйста правдиво ли утверждение моей девушки. 
Заранее всех благодарю за участие!",NOISE,Asks a factual question.
бля эти дети это уже пиздец. Прохожу через турникет и два забегают за мной,NOISE,Complains about children's behavior.
"Я проснулся, у меня свободный день. Я могу заниматься чем хочу. Но я не хочу вообще проживать этот день, я хочу просто проспать его, мне тревожно и хочется просто избежать мыслей о существование.

Мне было относительно лучше, но путь в университет, это было очень тяжело. У меня не понимаю почему, началась сильная тревога, можно сказать паника, мне было тяжело дышать. Я сейчас эмоционально чувствую ужасно. Я просто шёл и мне было так невероятно изнуряюще и тяжело, в голове мысли путаются, и дыхание не ровное. Фух...

Я так устал, я чувствую себя таким failure. С таким трудом даётся, просто черт возьми прогулка с общежития до университет. Я устал, ничего  больше не могу сказать. 

С такими днями, я не знаю, я не думаю что мне нравится такое существование. Я не знаю, что делать со всем этим. 

P.S. не знаю зачем делюсь, но может кто-то скажет дельное или может был похожий опыт",ALL_OR_NOTHING,Self-labels as 'failure'.
"Мне кажется, что старшее поколение казахов носит в себе не так много подлинно казахского.

Скорее, их мировоззрение и образ мышления были сформированы людьми, с которыми они жили в одно время и в одних условиях в эпоху СССР. Основу этого поколения составляют те, кто выжил после войны и затем сформировал ментальный 'костяк' нашего общества. Эти люди жили по советским установкам, во многом забыли свои корни и традиции, и сейчас часто просто копируют русские свадьбы и обряды

В силу исторических обстоятельств они создали для себя образ традиции, который считают правильным но, как мне кажется, это не совсем соответствует действительной культуре казахского народа

Так что тойсыз болмайды деген это просто цепочка по которому все они живут боясь друг друга 

Цепочка кстати никогда не прорвется пока на земле будут жить все поколение до 21",NOISE,"Sociological observation, opinion."
"Я хочу сходить на консультацию с психиатром в НУ, насколько он/она хороший? 

Просто, в последнее время мне ужасно в плане настроения, тревожности, в последнее время часто рыдаю. Я походил к психологу в НУ 2 раза, но думаю, просто анализ поведения и мыслей и все такое, не особо достаточно в моей ситуации. Хоть и дискомфортно и страшно, думаю узнать...",DISTRESS,"Expresses mood issues, anxiety, crying."
"вышел с  академа, но мне все еще не приходят письма, что нужно сделать чтоб починить?",NOISE,Asks for technical advice.
"я муслим и всегда думаю что правильное поведение награждатся. но часто удивляюсь когда вижу реально хороших людей у которых проблемы, и не очень хороших людей, например коррупционеров и тп у кого в жизни все круто. как думаете почему так?",NOISE,"Philosophical question, general observation."
"Почему все критикуют Россию в вопросе с азербайджанцами? я сам лично прожил в РФ два года, причем в разных городах, азеры и армяшки реально ведут себя там как хозяева 99% мафии и бадитизма и мафии это азеры, их там все недолюбливают начиная от русских до чеченцев, и да я с юга Кз там тоже азеры заправляли всем бандитизмом",NOISE,"Opinionated complaint, external focus."
"Меня кпц как раздражает что уник пытается всячески заработать, и страдают студенты (цены на все повышаются и бесплатные вещи/услуги платными становятся) и само здание уника (Те же дети, че ток не переломали) Действительно обидно.",NOISE,"Situational complaining, external anger."
"мало того, что они нашли самый редкий вид лампочки (которую хуй найдешь в астане), еще и платить за нее 4400 это не жирно? ладно , может айм оверреактинг. не знаю как у вас, но в моем случае при выселении постоянно жестко проверяют. а когда я сам заселяюсь в новую, комнаты всегда в хуевом состоянии.",NOISE,"Situational complaining, frustration."
"Всегда когда читаю книгу где главный герой не сильно хорошо описан, то для меня там всегда Райан Гослинг",NOISE,"Personal preference, imaginative quirk."
"Я перваш, хотел узнать, можно ли брать летние курсы даже если успеваешь по учебе и ничего не проваливал? Просто чтобы закрыть, и не сильно париться в году",NOISE,Asking for information/advice.
"Ребят, если диплом с универа не забирать, универ не будет убирать меня с базы студентов? то есть отсрочка будет все еще от армии? или это не зависит от того заберу я диплом или нет?",NOISE,Asking for information/advice.
"Че за фигня планирую регу курсов 1 year мехинж и получаются всегда башни близнецы во вторник и четверг, остальные варики у меня клэшатся, am i cooked?",NOISE,"Situational frustration, course registration."
Ебала я этот переезд и хаузинг со всем этим,NOISE,"External anger, frustration."
"Бляя все это время я думал Джейми Фокс это имя порноактрисы, а это черный чувак",NOISE,Trivial personal thought.
"Если никого заселили, уже все? Я могу сладко и крепко спать не боясь того что кто то может заселиться?",NOISE,"Seeking clarification, practical question."
"Мне всегда пугали ассамблером что это сродни от песка реальный город строит. А на деле это вероятно один из легких языков программирование если так можно сказать. Но ассемблер это как твой неуверенный друг который постоянно запрашивает че он должен делать отдельным куском инструкции. Он вообще не соображает че делать самому. Ты челу должен объяснить что ему надо говорить ртом и дышать и прочитать вот именно эту бумажку где написано: 'Hello world!'. ТЕПЕРЬ ДЕЛАЙ! ДА ДЫШИ, ДА ГОВОРИ РТОМ, ДА ЧИТАЙ ВОТ ЭТУ ЕБ*НУЮ БУМАЖКУ! Ну кароч вот так вот обьясняешь и пишешь.",NOISE,"Descriptive rant, programming analogy."
"Я считаю что для женщин все абонементы в фитнес и бассейн должны быть на 15 % дешевле. Почему я должна платить за дни, когда я физически не могу заниматься спортом",NOISE,Opinionated complaint about policy.
"Чем чаще я контактирую с детьми до 10 лет, тем более ужасным мне кажется отношение моих родителей ко мне, когда я был в этом возрасте. Типа как можно видеть перед собой плачущего 4-летнего мальчика, который расстроился из-за того что наступил в лужу и подумать 'Бля, вот он нытик ебаный, вмажу ка я ему пощёчину чтобы не плакал'. Или когда твой ребенок пришел расстроенный со школы с первой двойкой в дневнике и твоя поддержка это отлупить его ремнем прибавляя по 10 ударов за каждый раз, когда он попытается увернуться или закричит. Дети же такие маленькие и хрупкие, а ты полноценно физически развитый взрослый человек, какой это моральной мразью надо быть, чтобы решить применить какие-либо физические наказания к настолько слабому и беззащитному созданию, КОТОРОГО ТЫ САМ ЖЕ И ПОРОДИЛ? Я не могу себе даже представить, чтобы мне пришла мысль дать ребёнку подзатыльник, при этом мой отец до сих пор ходит на работу с термосом с вмятиной от моей башки, потому что 6-летний я как-то его разозлил и он кинул этот сраный термос мне в голову.",DISTRESS,"Processing childhood trauma, emotional pain."
"У меня есть знакомый с манерой постоянно шутить, только шутить в кавычках потому что эти шутки всегда не к месту и нихуя не смешные. Как-то меня это возмутило и я спросил замечает ли он что никто не смеётся от его шуток и он отвечает что знает и продолжает шутить чтобы бесить людей. Как теперь ему донести что он никого не бесит, а на него просто смотрят как на дауна?",NOISE,"Asking for advice, external problem."
"Смешно, что на посты, где хоть как-то упоминаются гуманитарии/технари всегда появляются одни и те же персоны, которые судя по всему живут в ВА. И гуманитарии в целом не особо активны, видимо живут реальной жизнью)
(не обижайтесь, я вас на самом деле люблю)",NOISE,"Generalized observation, humorous comment."
"У меня микро4len. Ну прям очень маленький. Он в эрегированном виде примерно будет сантиметров 6-7 Для кого-то может показаться смешным. Но представьте жить с таким мизинцем. Уже был в отношениях и этот недостаток сильно влиял. Так сильно, что это рушили мои любые планы на серьезные отношения. Теперь же даже не могу подходить к девушкам и знакомится из-за этой проблемы. Потому что каждый раз всплывает картина моего маленького хасбика в глазах и я сразу начинаю саботировать любые взаимодействия с противоположным полом.
Сейчас я просто хочу изолироваться от всех. У меня нет депрессии и все еще хочу жить и радоваться жизнью, но точно есть апатия. Постоянно хожу злой и угрюмый. Настроение на нуле. Чувствую себя проклятым. Постоянно спрашивают, почему я такой грустный. Но ничего не могу сказать своим родным и друзьям. Поэтому пишу все сюда.",DISTRESS,"Deep insecurity, emotional pain, apathy."
Что будет кроме Ф если скипну все лекции ? Мне могут мискондакт дать или что то еще кроме Ф? Надо срочно уезжать мне просто,NOISE,Asking for information.
"I remember someone said that, your self esteem is low if you fall for someone who show tiny attention to you. Fr, i always felt for someone who just talked with me and nothing else :(",DISTRESS,"Low self-esteem, vulnerability, sadness."
"Бэтмен против супермена, 

Чо делать если не могу уснуть, если не чекну все соцсети и не посмотрю пару-дюжин thirst видосов в инсте? Is it my wind down routine?",NOISE,"Asking for advice, personal habit."
"Всем привет, есть ли возможность получить оффер если я на уэйтинг листе на мд програм?",NOISE,Asking for advice.
"Все РА получили зарплату? Если я до сих пор не получил, куда можно обращаться?",NOISE,Asking for information.
"Well... Guys,
I feel like depressed because of the fact that I haven't seen my neighbor cat for 2 days, is it possible? Is it curable? *wanna cry*",DISTRESS,Expresses genuine emotional pain.
"Я собираюсь умирать…

Не знаю как обьяснить, но мне очень плохо, поссорился с девушкой, с родителями, дрезья кинули, с учебой все плохо, хочу очень многое сделать в жизни, но одновременно я не хочется, понимаю что я ужастный, наверное дцмаете что я жалкий, но так и есть, для меня выход только один( 

Не будьте как я",ALL_OR_NOTHING,"Absolute self-labeling, definitive outcome."
Почему много реджектов в дорм? Мне ничего не пришло. С каждым днём страшнее становится.,DISTRESS,Expresses growing anxiety.
"вижу некоторым пришел отказ от хаузинга. если я ниче не получил, это значит у меня с доками все норм?",NOISE,Asking for clarification.
"Стоп я же могу оставить кухонные вещи на кухне и уехать, ничего не будет же, потом в авгвсте приеду и заберу???",NOISE,Practical question.
"Смотря на все это, я переживаю что уник прекратит снабжать корпус туалетной бумагой….",DISTRESS,Expresses worry.
"I always bragged about how my mum would cook the best meals making even me love veggies as a kid, and today I learned that all of her tricks were literally adding a large spoon of taste enhancer and half a bag of universal seasoning",NOISE,Anecdotal observation.
"Такое чувство, будто все вокруг работают и только я сижу на шее у родителей",ALL_OR_NOTHING,Sees self as total outlier.
"Что делать с вещами? Если с документами все ок, и в форме указывал что планирую остаться в этой же комнате, я могу их оставить или надо ждать ответ хаузинга?",NOISE,Practical questions.
"Я искренне от всего сердца считаю, что если вам трудно заводить как романтические, так и дружественные отношения, то проблема таится именно в вас.

Я утопаю в новых знакомствах и со временем я обретаю больше и больше друзей. Только вот не кидков каких-то, которые с вами ходят лишь бы выпить, да чем-то приятным заняться, а в случае проблемы бегут на все четыре стороны, а именно настоящих друзей. 

Я наблюдал за людьми, которым трудно удается завести новые знакомства, и зачастую они страдают этими вещами:
1. Закрытость, притворство и отсутствие отзывчивости. Позвал их гулять? Они промолчат. Спрашиваешь как дела и пытаешься завести разговор? Они будут давать самые сухие ответы в мире. С такими людьями тяжело выходить на связь и держать ее.

В добавок к этому, еще такие люди никогда не будут говорить чего они именно хотят. Вместо этого они будут выдавливать очевидно лживые желания, якобы думая, что они так кому-то понравятся.",NOISE,"Opinion, external judgment."
"что я понял так это то что в постсовке 99% молодых девушек хотят чтобы парень/муж брал на себя все финансовые трудности, а девушка ничего не должна в принципе. все ее деньги это только ее деньги, все деньги мужа общие. Так и живем. Общий бюджет, разделение обязанностей? Не, не слышали вообще",ALL_OR_NOTHING,Sweeping generalization using absolutes.
мне так не нравиться что в волонтирс клаб все неорганизованно,NOISE,Situational complaining.
"Друзья мои, кто нибудь объясните пожалуйста. Откуда все это взялось? Откуда все это началось? Как мир создан? Что было до большого взрыва? Как вообще создался вселенная, жизнь? Или они всегда были? Но логично ли это то что, что-то может существовать бесконечно и он никогда не создался и он просто был? У меня щяс мозг взорветсяяяя ААААА",NOISE,"Existential questions, intellectual frustration."
"Люди которые все еще ждут ssh ranking, мне кажется они уже забили на это",MIND_READING,Assumes others' thoughts/actions.
"30 часов в кс, чувствую себя маленьким ребенком который ничего не умеет. Не стрелять, не думать. Противники меня прочитали как книга, любое движение и  сразу хед. На А выйти это пздц, как камикадзе.",ALL_OR_NOTHING,Absolute self-judgment of incompetence.
"кем можно работать во время учебы, если не репетитором?
пробовала очень много раз, вроде и на волонтерстве преподавала, давала пробные, все время волнуюсь, объяснять не получается. Мне начинает казаться, что уже не мое. Вроде хорошо все знаю, а как чувствую ответственность начинаю волноваться и тупить.",DISTRESS,Expresses anxiety and self-doubt.
"Привет всем! Я будущий первокурсник и планирую заселяться в общагу. Есть довольно специфический вопрос.
Я занимаюсь майнингом криптовалют и владею небольшой майнинг-фермой. Прежде чем везти оборудование, мне критически важно понять, потянет ли электросеть общежития.
Что у меня есть (чтобы было понятно масштаб):
1. 8 ASIC-майнеров (типа Bitmain
Antminer S19 ). Каждый жрет
~3300 Вт.
2. 6 ферм на GPU (видеокарты типа RX 7900). Каждая ~450 Вт. 3. Система обдува: Еще ~1000 Вт на вентиляторы.
Итого: В пике вся эта система требует около 30 000 Вт (30 кВт).
Да. это очень много, я понимаю.",NOISE,Highly specific technical question.
"Всем привет я будущий первокурсник и хотел узнать есть ли электрозаправки , электростанции на территории НУ? У меня просто кибертрак и сколько метром в ширину и длину парковки в НУ? Габариты просто реально большие у кибертрака. Мой кибертрак хотя бы меньше потребляет чем майнинг из за чего надеюсь не будет никаких проблем с подзарядкой трака.",NOISE,"Irrelevant, likely humorous."
"Всем привет,

У меня на мрт нашли гемангиому. Нейрохирурги и неврапатологи советуют цементирование (настоятельно и уверенно). Кто через это проходил нужен совет, ну или хотябы личный опыт.

Спасибо",NOISE,Asking for medical advice.
"Всем привет я будущий первокурсник и хотел узнать есть ли электрозаправки , электростанции на территории НУ? У меня просто кибертрах и сколько метром в ширину и длину парковки в НУ? Габариты просто реально большие у кибертраха. Мой кибертрах хотя бы меньше потребляет чем майнинг из за чего надеюсь не будет никаких проблем с подзарядкой траха.",NOISE,Asking practical university questions.
"всем привет и я снова хочу спросить сможет ли этот жалкий униаерситет выдержать мое присутствие на тесла кибертраке, ибо он настолько дорог мощен и огромен что я не уверен в том, что его величие сможет быть тут",NOISE,"Exaggerated, humorous complaint."
"не нужен Казахстану никакой Ташкент, Оренбург, Астрахань и Омск. знаю что все они расположены в районе старых казахских кочевьи, и знаю что первые два города были раньше столицами. давайте лучше сохраним то что имеем сейчас, бізге нафиг керек емес ол.

то же самое про Республику Алтай, некоторые наши невежды (особенно взрослые люди) понятия не имеют что существует отдельный народ алтайцев (и это НЕ казахи), у которых есть СВОЙ язык, СВОЯ культура, СВОЯ литература и СВОЯ земля. я знаю что в Кош-Агачском районе Р. Алтай большинство населения казахи, но считать всю республику за “казахскую” и называть алтайцев как якобы “біздің қазақтар” это во первых показывает что человек ничего незнает о регионе и вцелом о населении (құдайға шүкір интернет бар), а во вторых это просто отсутствие банального уважения коренному населению.

тоже самое нет смысла “возвращать земли” так скажем, казахов Китая, им (казахам) оно ненадо, они лучше нас сохранили традиции, язык и культуру, Китай уже давно создал Или-Казахскую автономию, даже если она внутри Синьцзян Уйгурской Автономии. ничего, люди нормально живут.",NOISE,Expressing geopolitical opinions.
"Люди хэлпаните с моей поехавшей кукухой.

В общем, заметил за собой, что мне не комфортно и эмоционально трудно принимать любую значительную помощь или подарки от родителей, по типу смартфона, машины, путешествия, оплаты обучения заграницей, решения проблем и тд. Но умом я понимаю, что это вредит моему будущему, т.к невыгодно отказываться от бесплатных благ.  
Я не знаю истинной причины почему я отказываюсь от этого, но тут пара вариантов, может вы выявите, исходя из изложенных мыслей, root cause.

С одной стороны, я презираю (хотя не правильное слово наверное, потому у меня есть такие знакомые и друзья, с которыми я нормально веду общение) всяких мажиков и вип особей, которые ничего не добившись сами и не приложив усилий, ведут праздный образ жизни и проводят time of their lives: 'учатся' за границей, путешествуют, вступают в отношения, даря друг другу дорогие подарки, покупая айс латте каждый день и тд. И наверное, я не хочу становится одним из них.  И наверное, мне приятно видеть себя 'лучше и правильней' их. Хотя это скорее всего классическая ситуация 'мы бедные, но гордые'",DISTRESS,"Internal conflict, self-perception issues."
"Деклейрить псир не сложно? Быть в топ 80 за два семестра реально? Я перваш, бывали ли такие случаи где студ не попал в топ 80 и у него не получмлось? Или это совсем изи?",NOISE,Asking academic practical questions.
"Из-за британцев я остался без твиттера, как говорил Гордон 'пиздуйте нахуй отсюда ебаные пидорасы', твиттер был одной из радостей в жизни, а они вот так с нами поступили ограничив все. Никаких больше chudai и тому подобного. Как же у меня горит",NOISE,Expressing external anger/frustration.
"если я не разговавариваю на казахском но понимаю все, будет сложно закрыть 2 трех сотых??",NOISE,Asking academic practical question.
"Те кто брали антропологию как думаете каковы последствия расового смешения? Правильно ли казахи делают что придерживаются «чистоты крови»? Почему метисы в большинстве случаев очень красивые? Можно конечно узнать все изучив но мне интересна именно дискуссия на эту тему среди студентов лучшего исследовательского университета средней Азии, также многие из нас выросли слушая о том что казахи такие чистокровные и тд, а чтобы перешагнуть эти установки нужны конкретные факты",NOISE,Initiating a discussion topic.
"Я четвераш экон, мне нужно еще 2 humanities electives для выпуска но в фолле я ничего не зарегала. Есть шансы зарегать их в спринге?",NOISE,Asking academic practical question.
"я третьяш эконщик, у меня 0 гум элективов. успею ли я все закрыть до выпуска? че то смотрю а приоров то вообще нет на гум элективы",NOISE,Asking academic practical question.
"Ребята, я после окончания не нашла работу другую, работаю как RA. До 1-го сентября надо сдать справку. Могу я просто RA контракт выслать? Или менеджер может составить справку?
Также у меня пока контракт только на лето, следующий период скорее всего с опозданием оформят. Как поступить в такой ситуации?

Поделитесь своим опытом, я очень тревожусь",DISTRESS,Expressing significant anxiety.
"те, кто жалуются по поводу бассейна аля дорожки тесные, где безопасность блабла. 
единственный раз, когда было неудобно это когда миллион детей одновременно заходят в сауну. а так если вы будете соблюдать элементарные правила по типу плавать с права, не останавливаться по середине дорожки, никаких проблем с тесной дорожкой не будет. а по поводу раздевалки, новая как будто бы чище чем старая. да и зачем огромную раздевалку, если посещаемость студентов и стаффа гораздо меньше чем тех, кто приходят извне. 

хватит ныть на каждую
мелочь «ой я боюсь за свою жизнь????». даже если гости пройдут в скайволк, часто это мамаши с колясками, которые ждут своих детишек с секции.",NOISE,Criticizing others' complaints.
"I see AI is everywhere … replacing many people in this and that
What is even worth studying and how to find a job in the future? So anxious",DISTRESS,Expressing anxiety about future.
"Не знаю что делать, помогите. У меня есть кот который со мной уже 15 лет. И вот сейчас я женюсь а у жены Аллергия. Всех родственников обзвонил никто не захотел брать старую кошку, да в принципе не хотели брать. На ОЛХ поставил там тоже глухо. Единственное что приходит на ум это усыпление, на улицу отпустить не могу, никогда там не жил вдруг попадутся псы и в мучениях может умереть",DISTRESS,Expressing distress over pet.
"чувак который опозорился на встрече с ГГГ, задав необдуманный вопрос

если ты думаешь, что этот постыдный момент все забыли 

знай, я его еще помню и угараю ахпхпххп",MIND_READING,Assuming another's thoughts.
"Почему я выпускаюсь в этом году а у меня почти на все не техникал элективки либо 3 приор, либо нет приора(((",NOISE,Complaining about course registration.
"У кого-нибудь начинал ноут жестко тупить после обновления на 11 виндоус?? У меня автоматически обновился, теперь все грузит только с полпинка ????
Что можно сделать с этим??",NOISE,Asking for technical advice.
я так устал видеть людей у которых весь контент в соц сетях построен на обучении/подаче в ну,NOISE,Complaining about social media.
"i'm always alone wherever i go in the university, and every time, i see a pair of friends, or a big group walking together and chatting. i never see anyone else walking by themselves. is it over for me? (1st year female)",ALL_OR_NOTHING,Absolute statements about social life.
почему все скидывают предсказания с корипкел ну бот в чаты?? я правильно понял что он в личку не может их скидывать? как так,NOISE,Asking a question
"How do I know the weapon is complete? Well let me share with you some details - Jedha, Saw Gerrera, his band of fanatics, holy city, the last reminder of the Jedi. Gone",NOISE,"Fictional narrative, irrelevant"
"Что делать, если каждый раз когда прохожу у турникета то я боюсь, что оно резко закроется и больна будет моим ножкам ????????????????",DISTRESS,Expressing fear/anxiety
У меня у одной так? Или у всех гумов в этом семестре именно вт и чт забиты? Всее курсы которые я хотела зарегать или могла зарегать всее выпадают на вт чт чзх,ALL_OR_NOTHING,Uses 'all' (всее)
Мой братишка фантазирует о том как меня избивают абушки. У всех так?,NOISE,Asking for comparison
"Хелп пожалуйста своими советами для продуктивной учебы, я ужасно себя чувствую хотя прошла всего одна неделя, уже столько давления и нервяка, какие вы техники для учебы используете, как себя мотивировать? Помогите прошу",DISTRESS,Expressing strong emotional pain
"Я в расстерянности. 

С того момента как поступил в ну, потихоньку у меня начались появляться мысли о том что, я довольно средненький по уровню интеллекта, работоспособности и в целом хард скиллов. Это еще и не говоря про софт скиллы. Но однажды  отец начал говорить о своих новоприбавших сотрудников на работе, и я удивился с каким багажом не то что знаний, а навыков приходят к ним. Удивление было скорее отрицательным. Шок в шоке. И тут я понял может я реально прям где-то по середине. Overqualified, но при этом одновременно и недостаточно имею скиллы, чтоб работать/стажироваться. У меня ощущение, что я знаю всё, но при этом и ничего. У меня есть страх не то что по-жесткому тупить, а скорее, даже, что и не возьмут совсем. Просто удивятся, что учусь в ну, но при этом нихуя не умею (возможно я себя накручиваю). Я не принадлежу ни к чему миру. Даже сейчас, я хз грамотно ли я пишу. А знаете что самое главное? Возможно что это простое распиздяйство. Возможно я просто обленился. А может быть и выгорание. Я запутался. 

Нахуя это я написал? 
Просто.",MIND_READING,Assumes others' negative judgment
"Норм если я втораш механикал, но у меня слабый ноут?
Смотрю у всех моих однокурсников игровые.",ALL_OR_NOTHING,Compares to 'all' classmates
"А знаете, в чём самый главный прикол?
У вас же по-любому был в школе ботан, да? Которого какой-то быдлан пиздил каждый день, и в один из дней ботан реально взбесился и в него вселился берсерк!!!! 
И ботан просто начал хуярить его как не в себя с криками : 'ну что, соснул хуйца?!'?
Вот у меня в классе такой был. Я постоянно его чморил, а потом в один из дней он отпиздил меня как последнего черта, чисто на адреналине и животной злости он накинулся на меня и я ничего не мог сделать, он пиздил меня как ебунявую собаку!",NOISE,Sharing a story
cuка я так угарал с поста про отца в VA ПОЧЕМУ ЛЮДИ ТУТ СПРАШИВАЮТ БУКВАЛЬНО ВСЕ,ALL_OR_NOTHING,Generalization about 'everything'
"попался видос в тт где девушка на межсловянском говорит и просто сравнивает в каких словах больше от каких языков. вроде бы ничего страшного, но нет блять под таким невинным видосом набежали ебанаты, которые давай доказывать на 1000+ соо, что русские/украинцы вообще-то финоугры, а не славяни. мблять ну это дурка

вот не знаю, белорусы и поляки такие чилловые ребята из всей сетки снг славян. сидят чет на своем базарят языке и пофигу вообще

а так я не понимаю почему все так дрочат на финоугров? почему все так хотят серарироваться и стать ими? просто вот у тюрков как-то спокойно все - все принимают что один «народ» да как-то и все. никто особо не возмущается что мы турецкий то в отличие например от кыргызкого на слух не понимаем от слова совсем (там был бугурт мол «а что вы все удивляетесь, что поняли речь? тут же максимально все просто»)

кароче дурдом ромашка",NOISE,External anger/rant
"завидую тем кто жил в казахском обществе, блять братаны и братанессы. сейчас мне 22, я даже если и выучу казахский вряд ли смогу понимать 99% приколов в тредс или просто шуток потому, что такое только прожить. я только в садике шпрехала на каз, а потом русская школа узурпировала все и не осталось ничего. с учетом что половину вещей на русский даже не переведешь (",ALL_OR_NOTHING,Uses 'nothing left'
"че делать если ежедневно хочется себе мозги размазать об стену. хз и вроде жить не так плохо, я поступил в ну и все становится лучше но все же....",DISTRESS,Expresses self-harm ideation
"Я не мог остановить слезы на Back to Black 
Певица просто чувствовала эту песню????????????",DISTRESS,Expresses strong emotional reaction
"мне очень нравится наш НУшный коммюнити. заметила, что подавляющее большинство студентов очень вежливые, воспитанные и человечные. негласные правила общества соблюдаются почти всеми; подержать дверь, убрать за собой, уступить место, тихий звук гаджетов, попросить прощения если задели, использовать бюро потерянных вещей и так далее. может быть это и связано с контингентом, так как само заведение серьезное и находится в столице страны, но социальное поведение все-таки напрямую зависит от грамотности. пусть и в тумбе или в ВА есть неприемлемые посты, в чатах некоторые ссоры или конфликты, все равно права людей не нарушаются и быстро решаются. поступила в университет в прошлом году и все равно нахожусь в «эйфории», люблю сам университет и людей вокруг, вы классные",NOISE,Positive general observation
"Вступить в вокал только из-за девушек это плохо? Я люблю петь но не прям хорошо пою. А вот девушки мне там все больше и больше привлекают, певицы впринципе всегда крашихи ????????",NOISE,Asking for advice
"Перестал здороваться первым с кассирами/продавцами после того как почти все перестали здороваться со мной в ответ. Я говорю громко, меня прекарсно слышат, но все равно молчат, хотя с людьми до/после меня первыми здороваются. Что со мной не так",MIND_READING,Assumes others' negative behavior
"Было бы афигенно если бы в Астане построили сеть скайуолков соединяющие все районы города. Этот скайуолк мог бы быть четырёхполосным и все бы могли кататься по нему на скейтах и самокатах.

И мне кажется что постройка данной инфраструктуры вполне себе реализуема и обойдётся дешевле чем автомобильная инфраструктура Астаны.",NOISE,Speculating about infrastructure
"Sometimes i sit at lectures and then imagine insides of my balls exploding for some stupid reason, and then its uncomfortable to sit",DISTRESS,Describes disturbing intrusive thoughts
Someone please organize a speed friending I feel so lonely T_T,DISTRESS,Expresses feeling lonely
"Если в магазе со мной не поздароваилсь в ответ, но первыми поздаровались буквально со всеми до меня в очереди и после меня, я что особенный? Или меня запомнили в плохом свете",MIND_READING,Assumes others think negatively.
"???? я так больше не могу! Приходится постоянно не пукать с переезда в дорм хотя так хочется, а нельзя, ни в дорме ни на кампусе! Так живот надувается это просто пиздец! Нормализуйте пердеть где угодно! Я сначала думал что срать хочется но бля, как на туалет сажусь в конце дня такого басса даю а потом в мизинец какашка выходит. Короче если почуете запах пердежа в общественных местах это я! Потому что теперь мне похуй где захотел там и перну!",NOISE,"Situational complaint, explicit venting."
"мне иногда кажется, что если бы я была здоровой я бы была суперменом и разъебала все. это меня просто понерфили (моя мантра чтобы не расстраиваться сильно что на таблетках сижу, а они не помогают)",DISTRESS,Frustration with health/medication.
"парень кассир с айлина, почему всегда супер грустно-заебанно-серьезный? я его боюсь если честно",NOISE,Observation and personal fear.
"Бля, почему никто мне не говорил насколько рассол вкусный",NOISE,"Casual, surprised remark."
я заполнил форму рекруитмента для кукинг клаба но ничего мне не скинули и не добавили никуда. это реджект или они только начнут?,NOISE,Seeking clarification/information.
"Искусство сна, тонкое искусство паники, атомные зависимости, критика чистого дебилизма. Это все про меня",ALL_OR_NOTHING,Global negative self-labeling.
"У меня плохое зрение и как будто на долю секунды у меня все черное становится. Как будто моргнул, но глаза не двигаются. У меня такое случается редко, но случается. У кого нибудь еще были такие проблемы? Мне немного страшно становится.",DISTRESS,Expressing fear about health.
"Мне немного завидно тем, кто берет с друзьями курсы и ходят веселятся. У меня есть друзья, и Я достаточно общительный, но у меня нет друзей с кем Я 24/7 вместе. Мне тупо некомфортно так общаться. Я иногда думаю завести девушку, чтобы хотелось с кем-то быть всегда вместе, но у меня и этого нет.  Мне будто сложно находиться слишком долго рядом с людьми. Но ведь все равно завидно. Трава кажется зеленее?",DISTRESS,"Expressing longing, social pain."
"ужасный сон видела, у меня сейчас длина своих ногтей примерно 1.7 см и во сне видела что я их всех поломала и пришлось сделать короткий нюд о боже нет. плакала во сне",NOISE,"Describing bad dream, reaction."
самые понятные интересные и полезные лекции были у Gavin Slade я уже прошла все 3 его курса как быть ???????? социологи,NOISE,Asking for advice.
Почему никто не говорит о том какие грубые люди которые в ответе за ландри? Обращаются так будто я им че то обязана,MIND_READING,Assumes others think/feel.
"Почему такой хейт в сторону людей верующих в таро? Я верю например, и предсказания почти всегда сбываются. Смысл выебываться якобы вы все люди 'науки'??",NOISE,"External criticism, defending beliefs."
I am already tired of studies please wish me good luck. thank you!,DISTRESS,Expressing fatigue and need.
"Ничего не получается. Все давят на меня. Особенно мама. Не первый год. Боюсь я не доживу до конца недели.

Но пока что меня держит «Уят». But how dare you blame, if you didn’t participate in my wellbeing whatsoever. 

Hope no one will notice, and even if you do, forget about it quickly. It’s not a big deal. Истории моей тысячи, и мир не рухнет если одна из них оборвется",DISTRESS,"Suicidal ideation, deep despair."
"Я человек который сидел у дейдарбека на канале с самого его создания и видел все его трудности и подьемы, как он только начинал своим делом заниматься, как он бомбил ночью, поэтому нет, он не инфоцыган, селфмейд чел который кайфует от жизни",NOISE,Defending/praising someone.
"на лабке одна девушка все время смотрела на меня, заеб#ла честно! не делайте так, я красный становлюсь",NOISE,Annoyance at observation.
"У меня со стороны всегда злой и недовольный вид, +все с кем я знакома говорили что  у меня bitch face типа бро??? Can i consider this as an excuse why no one is approaching to me/я не могу найти друзей",NOISE,Seeking explanation for social difficulty.
"я извиняюсь перед ксниками за шутки про запах, самые настоящие вонючие засранцы - это эконщики!! беру экон курс как элективку, больше никогда. дорогие эконщики, пожалуйста не забывайте чистить зубы !!??",NOISE,General complaint/criticism.
did i work my ass off to get to this uni just to feel constantly unmotivated once the studies actually start,DISTRESS,Expressing constant demotivation.
Бле как перестать придумывать шутки в голове и угарать без конца(((( друзья уже думают что я шизик(( а шутки то реально угарные,MIND_READING,Assumes friends think 'crazy'.
"я не понимаю почему надо было убирать скидку при оплате студфонда если можно было бы понизить процент скидки

ладно, вы не получали лишние 50-60 лямов на скидке, получите из них 40-50, 10 лямов жалко чтобы студенты бесплатно делали ивенты на СВОИ ЖЕ деньги из студфонда? 

я хуею просто, они ничего не обсуждали, решили изменить, и удивляются а почему это никто не платит

мы же студенты, даже 5к это 10%(!) от стипухи, это условная еда на неделю если готовить самому",NOISE,Complaining about university policy.
why is suicide not a solution? i don’t quite understand,DISTRESS,Questioning suicide as solution.
"Оказывается в гта 5 есть сюжет и квесты. Я думал смысл игры хуярить всех гранатометом, угнать вертолет",NOISE,Casual observation about game.
"Я тупой кажется. Как достать этот ключ эцп? Опять через жопу надо документы подписывать.
Через usb на сотке пошарится в папках егов приложения? Как объясните, плз.",ALL_OR_NOTHING,"Self-labels as ""stupid""."
Что делать если я почти все свое время трачу на учебу и всё равно не успеваю во всем хотя это всего лишь первый год?....,DISTRESS,"Feeling overwhelmed, not keeping up."
I struggle with low esteem. I dont feel like I am the same as other people so I struggle to communicate. I always think that I am not worthy of their attention. I want to become someone who is worthy but I dont have enough energy for it. I just get tired out too fast. In the result I feel very lonely. It is very enduring to live like that everyday. I really try to change something but nothing really is changing,ALL_OR_NOTHING,"""Nothing really is changing""."
"Я ненавижу этику как курс.

Только вышел с мидки. Абсолютно у всех вопросов одинаковая структура: 'Вспомните, что было написано в ридинге, и ответьте на вопрос'.

Хоть ридинги – вода, к ним 0 претензий.
Хоть я технарь, к философии 0 претензий.

Претензии к премису курса. Почему он звучит как 'зубри', а не 'думай'?

Тогда, если нужно просто запоминать слова авторов, а потом забыть (экзы не кумулятив), тогда на кой чёрт вообще этот курс нужен?",NOISE,Complaining about a course.
Вы тоже думаете о том что в любой момент может не стать вашего близкого человека? Каждый раз когда вижу уставших родителей становится грустно что я еще ничего для них не сделал и в любой момент их может не стать и я не успею даже ничего для них слелать… В любом случае стараюсь направлять эту энергию держаться и развиваться дальше чтобы успеть. Как же ненавижу это слово «успеть»…,DISTRESS,Anxiety about losing loved ones.
"Извините, я тот самый студент который задает вопросы во время лекций. Дело не в том, что я хочу произвести хорошее впечатление, дело в том, что я реально тупой и не понимаю и как будто спрашивать вопросы во время лекций наоборот не прибавляет хороших впечатлений а делает тебя самым тупым среди всех студентов которые все понимают???? 
Но я знаю что если не спрошу в моменте, я забуду вопрос потом и не усвою концепт когда идет мыслительный поток именно по этой теме. Можно конечно прийти на офис аурс, но если не понять основу лекции, я не пойму и остальной материал а потом уже пройдет много времени и я забуду логику темы и придется просто тупо по второму разу слушать всю лекцию но такой возможности нет да и зачем",ALL_OR_NOTHING,"Self-labels as ""really stupid""."
"я не верю в “бумеранг”
люди которые творят всякие ужасы могут жить без никаких проблем до конца своих дней. их никто не накажет, даже “в том свете”, которого и нет",NOISE,Expressing a personal belief.
"За все года учебы думала, что биология это не мое, всегда были другие студенты более заряженные на это дело. В рисерче выматывали фейлы в экспериментах, отчего приходилось все переделывать.
Однако после того как поработала не по специальности в офисе, а затем решила использовать диплом и нашла подходящую нишу, биология оказывается это родное, понятное и вообще мне очень интересно докапываться до сути процессов.",NOISE,Reflective narrative about career.
'Separate art from the artist' YOU CAN'T UNLESS THE ARTIST IS DEAD AND RECEIVES NOTHING WHEN YOU INTERACT WITH THEIR ART. If the artist is alive you are helping them to get more money and supporting them this way. Just admit that your comfort is more important to me than anything else and stop saying this phrase every time artist gets critisized,NOISE,"Opinionated argument, external anger."
"Бывает, хочу пообщаться с одногруппниками или другими знакомыми, а они будто не идут на контакт. Типа я такой задаю вопросы, интересуюсь, че как, а они просто отвечают и не задают в ответ, да и вообще  не пытаются диалог поддержать. Ну не всегда, но часто. Неужели настолько многим не хочется общаться? Или я даун",ALL_OR_NOTHING,"Self-labels as ""moron""."
Я нащупала свой копчик и обнаружила что оно находится не по центру а немножко слева. И у меня теперь капец какая тревожность у меня что блин сколиоз или блин я не знаю мне страшно,DISTRESS,Experiencing anxiety and fear.
"Почему в библиотеке всегда всем похуй что кто-то шумит? Часто я всегда первым иду и говорю чтобы были потише, хотя люди без наушников сидят ближе к шуму и читают/печатают на игноре",ALL_OR_NOTHING,"""Always everyone not care""."
"Каждый раз когда батя приезжает с вахты, я стараюсь делать ему массаж чтобы он дома максимально отдыхал. И бля с каждым разом его мышцы все мягче и мягче, я понимаю возраст, но так не привычно это видеть. Даже так он сильнее меня, dad strength is crazy. Но все это еще раз мне напоминает что у меня мало времени и что нужно поскорее заработать, чтобы они, мои родители, наконец то вышли на пенсию и не работали",DISTRESS,"Feeling pressure, little time."
"-I can't write the code for you, as the lab instructions explicitly state that you are 'NOT allowed to share code, or even show your code to one another'

-nah you can write it, just do it

-I understand that you would like me to write the code for you, but I cannot do that. The lab instructions explicitly state that you are 

'NOT allowed to share code, or even show your code to one another'
----

bitch this have never happened before, gpt is getting out of hand",NOISE,Complaining about GPT behavior.
"Guys did you not get tired of having poison in your mind like every 2-3 days and it hits even harder after a week? Like when I was a child I didn't think i had to ejaculate every third day to feel peaceful, now I am irritated, can't focus and angry about it. Guess have to find a partner now duh",DISTRESS,"Expressing irritation, anger, discomfort."
"Я так угараю с нынешних первашей. Мы все так ждали наши стипендии, а вы орете в голос во всех группах. Котинди кысып отырындарш нервыма тимей.",NOISE,Expressing annoyance at freshmen.
"Недавно попробовал что-то, о чем никогда не думал, и мне это понравилось. Теперь задумался, а сколько потенциально интересных вещей я упускаю, не давая им шанс? Расскажите, что вам нравится, чтобы были идеи попробовать",NOISE,"Asking for recommendations, reflection."
"Бля почему вместо того, чтобы думать об экзамах асайментах и учебе я должен просыпаться и думать что я буду есть изза безответственности людей которые тут работают и получают зп чтобы обслуживать студентов ???????? списки студентов у всех с лета. Столько времени проебать и даже не предупредить, чтобы мы могли финансы рассчитывать не надеясь на стипендию.. и никто за это никакой ответственности не несет. Блять",NOISE,"External anger, complaining."
Kinda feel happy that SS closed forever as my grandad did back in 1945,NOISE,"Dark humor, situational comment."
"для exchange program уники какие документы запрашивают обязательные? Я знаю что у всех разные, но какие обычно надо?",NOISE,Asking for information.
"Хули когда у меня мидтермы всегда такая лучшая погода, а в обычные дни какая то ветреная, холодная хрень?",NOISE,"Situational complaining, annoyance."
"В Тед Лассо в одной серии был короткий диалог между Тедом и Джейми, который шел вроде так:

- Hey, Jamie, what you'd rather be... a lion or a panda?
- Coach, I'm me. Why would I want to be anything else?
- I'm not sure you realise how psychologically healthy that is

И почему-то в тот момент, я тоже ответил на этот вопрос до Джейми, что хочу быть собой. Тогда я впервые за жизнь осознал, что я правда рад тому, что живу и что мне по-настоящему нравится быть собой. Да и спустя столько времени все в моей простенькой повседневной рутине стало лучше.

Особо некому об этом рассказать, думаю, меня не поймут, для всех вокруг меня я далек от сентиментальностей и таких подобных мыслей, поэтому вот пишу здесь.",MIND_READING,Assumes others won't understand.
"WDYM THIS IS THE LAST ASTANA BALL????? I dont think that my crush is going to invite me this year but I was hoping that he will in the future(crying emoji) now im literally crying
Уа мейрымсыз махабат мен жигитсыз каламба мына омирде!!???(((((",DISTRESS,Expressing intense emotional pain.
"BEHOLD! The fates hath decided, and their verdict is most majestic in cruelty once did my coffers swell like the belly of a great golden Dragon yet now (broke evil laugh) they lie barren emptier than the chalice of a drunken monk at dawn. My purse doth hang at my side like a lifeless heart containing naught but the whisper of coins long spent at the faint aroma of roasted turkey I could not afford (evil laugh) even KFC Lo the heavens bear witness as I stride forth with the gait of a king dispossessed My crown but bent spoon hahaha my scepter a half eaten bread stick and yet I shall raise my voice to the stars for even in my poverty I am magnificent.",NOISE,Exaggerated complaining about finances.
"Шел к одному человеку со знакомым лицом навстречу, не мог вспомнить кто это, но все равно собирался поздороваться, не понимал почему люди расходятся в стороны, но меня попросили освободить дорогу и увидев что студенты снимают его я понял что это Димаш",NOISE,Describing a situational encounter.
"Бля меня одного заебало что в почту много мусора отправляют? Нормальные люди чистят почту и следят есть ли что-то важное. Но нет, уник решил каждый день кидать спам. Есть способ избавится от спама???",NOISE,"Complaining, asking for advice."
"Бля жестко заболел в пятницу и все это время провел в кровати с градусником. Чувствую что за воскр и пн вряд ли оклемаюсь, но при этом 5 мидок еще на след неделе. Готовиться в таком состоянии анриал. Че делать? Я фрешмен",NOISE,"Situational stress, asking advice."
"Ima such a failure
I hate myself, every time when something good happens life strikes me with terrible problems. I know I’m not unique and most of you feel the same way. I just wanted to vent
Sorry for wasting your time",ALL_OR_NOTHING,"Self-labeling as failure, always."
"пацан который сегодня пукнул в турче и сделал вид что ничего не было, знай я все видел и запомнил",NOISE,"Irrelevant, observational comment."
"я вроде стараюсь, стараюсь все делать, но у меня оценки все равно плохие. я первашка и по идее не должно же быть таким сложным, но блин, появляется ощущение что я тупая из-за таких оценок(((
мне уже так плохо от учебы, я до поздна каждый раз учусь, готовлюсь, но результаты плохиее. ужас просто убейте меня",DISTRESS,"Expressing emotional pain, desperation."
"They say “don’t chase girls, focus on yourself when you are young”. But frankly speaking, I am a bit autistic, and it might not be the case for me. For many years, I did not chase girls and it just ended with me not having a girlfriend (ever). And I believe I can miss something and end up not finding anyone if I don’t intentionally take it into my hands now. I am really sure I will be good in terms of money and career in future. But at the same time, I am afraid to miss love. It is genuinely easier for me to study and work than to build a relationship. What do you think? (I am a 2nd year undergrad)
💔 - forget about girls, you are just overthinking. The one will find you for sure.
❤️ - damn, you really should take on this problem now. Try to find someone.",NOISE,"Seeking advice, self-reflection."
"Сильно ли повлияет диплом математика вместо ксника если захочу в будущем устроиться программистом?
Если буду учиться в стороне в нужном мне направлении то боюсь что ли наличие диплома бакалавра не совсем в сфере программирования может повлиять на получения оффера на работу….
Просто думаю перевестись с кс на матан тк не уверен хочу ли я в финансы или в прогу но говорят математики могут стать и теми и другими",NOISE,"Seeking advice, career concern."
"Я удивляюсь как мы ктлщики были так сказать заперты 5 дней в неделю чувствовали себя хорошо, никакой депрессии, никакой перепадки настроения, тупа peak happiness. А сейчас остаешься дома или в дорме третий день и уже в депрессию падаешь, с ума сходишь, и хочется нахрень умереть",DISTRESS,Expressing severe emotional pain.
"I don't know if it's a combination of factors such as a turbulent climate in world politics, me getting older, or something else but for me the seasonal depression this year is hitting me worse than it does usually. It went from 'hurrr autumn day makes me le sad :(' to 'damn. I wish everything would disappear.' Anybody else?",DISTRESS,Expressing severe emotional pain.
Группаш как-то уснул на лекции и кажется сильно расслабился что аж пукнул. Мне теперь страшно спать на лекциях вдруг то же самое случится со мной…,NOISE,Expressing situational fear.
"чувствуете ли вы себя одиноко даже если дружите со многими людьми? мне раньше было норм быть одному, но сейчас каждый день хочется поговорить с кем-то, но никто никуда не зовет and i don't want to look desperate",DISTRESS,Expressing loneliness and isolation.
"Из за родственника ужасно сильно испортил отношения с родителями. Он паразит дома,живет у нас. Я пытаюсь это объяснить родителям но они заступаются за него. Теперь я виноват и они думают что мне надо в психиатру. Хочу помереть",DISTRESS,Expresses suicidal ideation.
Seasonal flu vaccination всем бесплатно? Даже если я зарегистрирован в другом клинике?,NOISE,Asks for factual information.
"Те кто получили 90-100% по первой мидке калк1, как вы готовились? Я все задачи в книге, дзшки прорешала, но вообще не помогло????????????????",NOISE,Asks for study advice.
"Я не хочу пойти на Аб, в прошлом году особо не зашло. И в этом году особно не планировала пойти так как не хочется ьоатить время и ресурсы на мейк, платье и т.д. Но подруги говорят типа последний аб все должны пойти, но я все еще особо не хочу. Пойти или нет?",NOISE,Discusses personal dilemma.
"Если я провалю калк, но возьму проходной по физике  проавлю ли я физику тоже? Типо калк это же пререк",NOISE,Asks academic rules question.
"TW: нытьё
Всё, что ты знал разваливается перед твоими глазами. Ты можешь только смотреть, как люди, которые тебе были чуть ли не родными пару лет назад, отдаляются от тебя всё дальше. Им не интересен ты, не интересно твоё мнение и твоя жизнь. Они не хотят с тобой общаться. Ты можешь только смотреть назад и ностальгировать. Новые знакомства чаще всего выходят боком и как бы ты не старался, из этого общения ничего не выйдет. Берегите старых друзей. Я не смог.",MIND_READING,Assumes others' negative thoughts.
"Сегодня видел сон с аже. Не помню весь сон, Но помню конкретно часть с ней. У нас дома была игрушка, которая мешала всем, не помню чем именно. Я спросил у неё, могу ли я выкинуть, так как вроде бы она и покупала её. Она ответила что ей было бы не приятно, если я выкину ее. Дальше ничего не помню. Чтобы вы понимали, она последние лет 5 болела деменцией. Было сложно ей жить и мы всей семьёй часты срывались на неё. Чтобы вы понимали, мы относились с ней как тётя и дядя Гарри Поттера к нему же, если не хуже. Теперь я вот думаю, она хочет так сказать что нас не прощает за такое обращение с ней в последние годы ее жизни?",MIND_READING,Assumes deceased's thoughts/feelings.
"I love how in USA people insult each other as 'communists' or 'fascists', but when the real reds or browns will rise, nobody will be f-ing prepared",NOISE,Political commentary.
Чем больше я вникаю в политику и историю всего мира тем меньше я хочу жить,DISTRESS,Expresses desire not to live.
мне все больше кажется что строят анти падение паутину в д5.,NOISE,Speculation about game.
"Только я ничего не понимаю на лекциях экон левент и когда он спрашивает есть ли вопросы даже не знаю что задать ведь вообще что он говорит не понятно, в self study больше понимаю обьеснение chat gpt.  я тупой ?",ALL_OR_NOTHING,Self-labels as 'stupid'.
"Я астана резидент, все еще заселяют в дорм?

И можно ли податься на дорм в начале спринг семестра?",NOISE,Asks for dorm information.
I piss everywhere around campus and nobody even suspects,NOISE,Irrelevant and provocative statement.
"Бля, как же я иногда офигеваю с наших студентов. Просто встречаю каждого знакомого и спрашиваю типа 'ты знал что открылся сервер по Майнкрафту' и мне говорят типа 'я не знал, а как зайти'. Ребят ну вы вообще чаты читаете? Я уже устал всем говорить об этом, но открылся НУШНЫЙ Майнкрафт сервер. Я понимаю, лан может там где то не увидел или пропустил, но вам же и хуже, по сути идеальная возможность майнить и крафтить. Я обычно хожу в одиночку а тут можно со студентами университета который находится в 401 месте МИРОВОГО РЕЙТИНГА, ну вы же по сути возможность на ровном месте теряете, если не заходите на сервер, одумайтесь!!!",NOISE,Complains about other students.
"Казбек ну поетри такой харизматичный, сыграй еще где-нибудь прошу!
И вообще все ребята молодцы, you are making me fall in love with poetry and theatre",NOISE,Expresses positive feedback.
"Потратил 2,5 часа на опенинг не того ивента из-за того, что организаторы запутали и завели не в тот холл, зачем затягивать людей просто так? Мне этот ивент нафиг не нужен, а кейсы хакатона пропустил. Айзек, успокойтесь, пожалуйста, вы не одни на всей планете",NOISE,Complains about event organization.
"Круг общения становится все меньше и меньше, а человек с которым мне комфортно общаться не хочет общаться как мы это делали в прошлом. В последнее время чувствую боль в груди и сердце и когда друг на друга все это накладывается то чувствую себя все хуже и хуже. Я уже не думаю о проблемах денег или учебы, когда наоборот они должны меня волновать а не это все. Хочется общаться но нужных людей нету.",DISTRESS,Expresses deep emotional pain.
"никто так не заботится обо мне так, как заботилась мама, тем более я сама",ALL_OR_NOTHING,Uses absolute 'никто' (no one).
"Поссорился с мамой, и обычно я ей писал первым и спрашивал как дела, и потом извинялся чтобы восстановить общение даже если она была не права. Но в этот раз очень сильно поссорились что я даже перестал общаться с ней и жду когда же она напишет первой и попросит прощения. Прошло уже две недели, тишина. Она живая это точно, через папу это знаю. Но прикиньте я не понимаю как можно не общаться со своим ребенком. И проанализировав прошлые ссоры, они всегда заканчивались тем что я в конце извинялся хотя я считаю по сей день что я был прав в тех моментах. Да общество может встать на сторону мамы, якобы она «святая», и он у меня одна и единственная, но тут явное дело что я тут жертва эмоционального насилия и манипуляции. Каждый день жду от нее сообщение извинения которую я с радостью приму, но с каждым днем я больше удивляюсь что это уходит надолго. И у меня такой вопрос, у менч одного такая больная мама? Или у вас тоже постсоветские родители такие?",MIND_READING,Assumes society's thoughts.
"Откуда берутся эти заоблачные цены я не понимаю в инстаграме какие-то гении продают пп-чизкейки за 32к и я начинаю подозревать что все пикми товары (цветы, какие-то нетакусечные фитнес центры, дорогие рестораны) накидывают надценку просто потому что их ца это схавает как норму",NOISE,Complains about high prices.
"Мне пиздец щас нравится что я изучаю на механикале. Солидворкс, черчение и т.д.
Только жаль что зп будет маленьким...",NOISE,Situational complaint about salary.
"Мне кажется мой друг хочет чтобы я во всем провалился. Он скрывает это но всегда старается не включать меня в какие то тусовки, мероприятия, знакомства. С учебной стороны та же тема. Но дружим мы отлично, шутим, делаем что-то вместе и странные мысли забываются. Но иногда все кажется таким очевидным. Это у меня проблемы? Может я просто боюсь чего-то и нужно идти к психологу? Такая тема часто бывает не только с ним по сути.",MIND_READING,Assumes friend's negative intentions.
"Я очень сильно устал. Пару месяцев я продуктивный человек, а потом на пару месяцев натуральный овощь. Постоянно с одного цикла в другую: в один день я самый ахн человек, а в другой самый х-вый. Я даже не замечаю когда я с самого оптимистичного чела превращаюсь в депрессивное чмо. Нет этого постепенного перехода или я уловить не могу чтобы остановить. Эх я действительно зблся",ALL_OR_NOTHING,"Extreme self-perception, black-white."
"Все сейчас идут на астана балл, а я сижу и сопромат считаю",NOISE,"Situational complaint, contrasting activities."
"Смотрю у некоторых стирка хорошо пенится. Прям много пена. Скажите как вы добиваетесь такого результата? Сколько бы я не клал порошка, у меня всегда мало пенится.",NOISE,Asking for practical advice.
"легче иметь несерьезное общение или деловые отношения, ато никому не хочется рассказывать свои “супер скучные” интересы или свои чувства длиной как целая повесть (а у меня не так, они супер простые), так как интересны они только мне, и мне лично не хочется делится всем этим.
мне пофиг на чьи-то интересы, вот и справедливо что я не рассказываю никому о себе.",MIND_READING,Assumes others find interests boring.
"Қазақ тілі курстарын жек көретін мен ғана ма? Аптасына үш сағат миды ашытатын лекция, нөл жаңа ақпарат, бағдарлама толығымен ксроға деген “daddy issues”, соңында мектепте КСМ да жазып берген курсачты қайталау. Total waste of time",NOISE,"External anger, course complaint."
"а это экологично когда я нажимаю на don’t print receipt, но чек все же распечатывается в магнуме?",NOISE,Asking a factual question.
"У меня все больше и больше возникают сепаратистские мысли по отношению к мамбичам, хочу их в отдельное государство-обезьянник переселить хелппп",NOISE,Expresses strong external anger.
"На дне открытых дверей, в момент волонтерства, какая-то мразь гостевая(прохожая) посмела украсть мою бутылку, которая была со мной половину бакалавра и оставила столько воспоминаний о себе. Она успела попутешествовать со мной по миру и пройти почти что через все передряги не разбиваясь, но не смогла пройти мимо взгляда и рук той мрази.

Я надеюсь,что ты напился(-лась) взахлеб, если это было твоей целью. Да, можно сказать, что это всего лишь бутылка, но она значила достаточно для меня.",NOISE,"Strong external anger, venting."
"В последнее время вообще не могу ничего слушать, ни музыку, ни подкасты. Раньше когда убирался дома, мыл посуду постоянно слушал что-то на ютубе или музыку. Но щас будто интерес ко всему пропал и я больше ухожу в свои мысли. Who can explain this?",DISTRESS,"Loss of interest, anhedonia."
"Instead of studying and doing all the work i cry about having to study and doing all the work, what's that called?",DISTRESS,"Expresses emotional pain, crying."
"Если я отравилась и пропустила лекции, на следующий день мне полегчало мне все равно сделают справку или типо такого? Или же нужно будет в день когда отравилась поехать и открывать справку ?",NOISE,Asking for administrative advice.
"Каждый день просыпаюсь с одной мыслью как можно быстрее перетерпеть эти часы и снова заснуть. Весь день хожу оторванный от себя и реальности кое-как на автомате прохожу сквозь рутину. Я очень устал от этого всего, я ничего не хочу и не знаю что делать.",DISTRESS,"Deep emotional pain, exhaustion."
"очень важный вопрос вы же туалетную бумагу после использования бросаете в мусор, а не унитаз? в квартире где я жила можно было смыть сразу в унитаз, а в дорме всегда использовали мусорные пакеты для этого. но стало интересно вдруг здесь тоже можно смывать",NOISE,Asking a practical question.
"Я в отношениях, и я хочу, чтобы мы оба двигались вместе - вперёд. Я хочу рискнуть и съездить заграницу, хочу, чтобы мы рискнули и попробовали что-то новое ПОТОМУ ЧТО у нас есть и финансы (не миллиарды, но есть) и кое-какие возможности. А моя девушка работает на своей работе уже несколько лет подряд и прям как будто находится в зоне комфорта - никуда ей не надо, ничего нового особа не охота. Все её устраивает. И тем временем моя двоюродная сестра, замужем, и реально хочет поступить заграницу на магу, попробовать куда-то переехать (хотя бы временно) и тд., а её ебанатик муж сука считает, что ИМ И ТУТ ХОРОШО блять. Он работает в своём ебаном BI Group и постоянно задает моей сестре вопрос: зачем тебе учиться? Зачем нам переезжать? Сука, как же я хочу харкнуть ему в рожу бля...",NOISE,Expresses strong external anger.
"ЭТО ПИЗДЕЦ Я СЛУЧАЙНО В ЖЕНСКОМ ТУАЛЕТЕ ПОССАЛ

ЭТО КОНЕЦ????? КАЖЕТСЯ НИКТО НЕ ЗАМЕТИЛ
Я ПОНЯЛ ЭТО ТОЛЬКО КОГДА ВЫШЕЛ",ALL_OR_NOTHING,Catastrophizing a minor mistake.
че делать если живу в частном доме и за моим окном всегда топят баню и я люблю с открытыми окнами сидеть и по итогу родаки думают что я курю изза запаха дыма,NOISE,"Situational problem, asking advice."
"через сколько времени приходит подтверждение о внесение в датабазу справки? написано 1-2 дня, прошло 2 дня с того момента как я оставила в этой коробке, еще ничего не пришло",NOISE,Asking for administrative information.
Я в общем по губам проводил своей колбаской всем тем кто на почте спамит. Желаю вечного покоя вашим матерям,NOISE,Expresses extreme external anger.
"Самый ужасный хакатон который я посещал был от спе! По началу зарегестрировались с командой надеялись что все пройдет интересно и весело. Но изза плохой организации вся атомфера ивента была испорчена. Задержки, непонятные инструкции и отсутствие нормальной коммуникации полностью разрушили впечатление.",NOISE,Situational complaint about event.
"Хочу поделиться покупками за этот семестр которыми я был больше всего доволен

Кастрюля
Жёсткая зубная щётка
Пачка принглс которую я растянул на неделю
Столовое вино для готовки
Пачка нижнего белья подходящего мне как раз
Чай с жасмином и цветами липы",NOISE,Sharing personal positive experience.
"если провалю калк 1, мне на втором семестре дадут калк2 вместе с ним? Или надо сначала первый закрыть?",NOISE,Asking for information/advice.
"Sometimes I wonder what would my dad do if he wasn't bound by his role as a provider, if he had any wishes, what would he do if we never had financial problems or what it would be like if we suddenly got rich

I wish I would earn a lot and provide him беззаботную спокойную жизнь before it's late",NOISE,"Reflective musing, personal wish."
"Я никогда не встречал адекватных русскоязычных юзеров в 'дикой среде' телеги. 75% из них это русские типажа '4YP0K_H4_W4MПYP', остальные 25% украинцы и балты с никами 'ПblTKИ HAД PYCHEИ'",ALL_OR_NOTHING,Absolute statement 'never met'.
"'To Uhtred, the true Lord of Bebbanburg. A man I have never understood but without whom I would not die a King.'  
- Alfred Rex",NOISE,"Fictional quote, irrelevant content."
try to convince me that suicide isnt a solution. aint gonna help,DISTRESS,Expresses suicidal ideation/pain.
"Всем привет! 
Я сама нашла стажировку и хотела бы её пройти. У меня запросили трёхстороннее соглашение. Подскажите, где его можно оформить и к кому по этому поводу обратиться?САС писала емайл, не отвечают(",NOISE,Asking for practical advice.
"что за пздцццц ????? готовлюсь валю, не готовлюсь тоже валю. Я устала(((",ALL_OR_NOTHING,"Generalizing failure, no-win situation."
my unmatched perspicacity coupled with sheer indefatigability makes me a feared opponent in any realm of human endeavor,NOISE,"Boastful self-description, irrelevant."
"ЮМС дает справку астрезам? Я никогда не был раньше в юмс, подскажите пожалуйста как у них взять справку если заболел? Просто придти можно?",NOISE,Asking for practical information.
"Я на максимальном похуизме прошел весь семестр (депреснул чутка), аттенданс около нулевой, все мидки так себе. Завалил почти всё, выбраться из ямы силы появились только сейчас. Что можно сделать? Хоть в психдиспансер ложись",DISTRESS,"Expresses depression, hopelessness."
"БЛЯ ХОР ЭТО БЫЛ ТАКОЙ РАЗЪЕБ
Вы все такие крутые я не могу!!!",NOISE,"Expresses excitement, praises others."
